號碼,選區,許智峯,鄭達鴻,楊雪盈,徐子見,袁嘉蔚,彭卓棋,梁晃維,黃碧雲,何啟明,毛孟靜,岑子杰,安德里,劉偉聰,張崑陽,馮達浚,劉澤鋒,胡志偉,譚文豪,施德來,譚得志,黃之鋒,李嘉達,尹兆堅,郭家麒,吳敏兒,譚凱邦,朱凱廸,黃子悅,伍健偉,張可森,林卓廷,楊岳橋,柯耀林,李芝融,范國威,梁國雄,陳志全,林景楠,何桂藍,劉頴匡,呂智恆,鄒家成,涂謹申,鄺俊宇,李予信,岑敖暉,王百羽,票站位置1,票站位置2,設實體投票
A01,中環,257,44,36,21,129,11,116,0,0,0,0,0,0,0,0,0,0,0,0,0,0,0,0,0,0,0,0,0,0,0,0,0,0,0,0,0,0,0,0,0,0,0,41,232,9,142,52,中環結志街23號嘉咸市集1樓12號舖,中環德己立街50號友信大廈5樓,Y (1 only)
A03,衛城,167,56,33,17,96,13,88,0,0,0,0,0,0,0,0,0,0,0,0,0,0,0,0,0,0,0,0,0,0,0,0,0,0,0,0,0,0,0,0,0,0,0,42,158,14,106,45,香港半山堅道134號地庫A舖,,
A07,堅摩,739,178,81,32,263,29,195,0,0,0,0,0,0,0,0,0,0,0,0,0,0,0,0,0,0,0,0,0,0,0,0,0,0,0,0,0,0,0,0,0,0,0,208,602,40,325,89,香港堅尼地城西環邨東苑臺1樓101室,,
A08,西環,428,289,50,18,208,30,750,0,0,0,0,0,0,0,0,0,0,0,0,0,0,0,0,0,0,0,0,0,0,0,0,0,0,0,0,0,0,0,0,0,0,0,129,728,82,422,184,香港堅尼地城海傍道46-47號南海商場地舖5A,,
A09,寶翠,1178,293,128,55,527,63,970,0,0,0,0,0,0,0,0,0,0,0,0,0,0,0,0,0,0,0,0,0,0,0,0,0,0,0,0,0,0,0,0,0,0,0,260,1420,63,743,292,皇后大道西540-546號地下E舖,,
A10,石塘咀,886,166,122,54,548,94,524,0,0,0,0,0,0,0,0,0,0,0,0,0,0,0,0,0,0,0,0,0,0,0,0,0,0,0,0,0,0,0,0,0,0,0,202,1127,38,597,222,西營盤朝光街一號地鋪A,,
A12,上環,627,109,104,43,232,43,220,0,0,0,0,0,0,0,0,0,0,0,0,0,0,0,0,0,0,0,0,0,0,0,0,0,0,0,0,0,0,0,0,0,0,0,150,570,31,320,114,香港皇后大道西2-12號聯發商業中心一樓百匯廣場C1舖外,,
A14,正街,932,213,130,52,587,62,383,0,0,0,0,0,0,0,0,0,0,0,0,0,0,0,0,0,0,0,0,0,0,0,0,0,0,0,0,0,0,0,0,0,0,0,250,940,46,605,171,西營盤第三街56-72號福滿大廈1樓R舖,,
B01,軒尼詩,643,203,367,65,440,58,336,0,0,0,0,0,0,0,0,0,0,0,0,0,0,0,0,0,0,0,0,0,0,0,0,0,0,0,0,0,0,0,0,0,0,0,199,855,46,548,216,灣仔克街1-5號展鴻大廈地下D-E號舖,,
B02,愛群,148,44,86,15,104,15,74,0,0,0,0,0,0,0,0,0,0,0,0,0,0,0,0,0,0,0,0,0,0,0,0,0,0,0,0,0,0,0,0,0,0,0,48,195,10,122,48,寶靈頓道38號,,
B03,鵝頸,613,210,291,113,459,56,408,0,0,0,0,0,0,0,0,0,0,0,0,0,0,0,0,0,0,0,0,0,0,0,0,0,0,0,0,0,0,0,0,0,0,0,155,902,69,503,241,銅鑼灣登龍街28號永光中心地下,,
B04,銅鑼灣,500,191,214,104,338,75,343,0,0,0,0,0,0,0,0,0,0,0,0,0,0,0,0,0,0,0,0,0,0,0,0,0,0,0,0,0,0,0,0,0,0,0,136,679,48,386,194,謝斐道526號地舖,,
B05,維園,520,196,231,45,316,128,253,0,0,0,0,0,0,0,0,0,0,0,0,0,0,0,0,0,0,0,0,0,0,0,0,0,0,0,0,0,0,0,0,0,0,0,143,581,47,402,140,天后清風街6-8號凱豐商業大廈2B,,Y
B07,大坑,285,124,563,34,197,49,162,0,0,0,0,0,0,0,0,0,0,0,0,0,0,0,0,0,0,0,0,0,0,0,0,0,0,0,0,0,0,0,0,0,0,0,138,560,38,296,108,施弼街27號地下,,
B10,跑馬地,444,186,105,34,246,107,110,0,0,0,0,0,0,0,0,0,0,0,0,0,0,0,0,0,0,0,0,0,0,0,0,0,0,0,0,0,0,0,0,0,0,0,114,422,48,291,56,跑馬地昌明街2號閣樓,,
B13,大佛口,300,106,107,39,216,19,136,0,0,0,0,0,0,0,0,0,0,0,0,0,0,0,0,0,0,0,0,0,0,0,0,0,0,0,0,0,0,0,0,0,0,0,74,364,20,224,69,灣仔秀華坊26號地下,,
C01,太古城西,750,337,157,104,399,36,276,0,0,0,0,0,0,0,0,0,0,0,0,0,0,0,0,0,0,0,0,0,0,0,0,0,0,0,0,0,0,0,0,0,0,0,252,772,46,454,142,太古城興安閣平台P514,,
C02,太古城東,661,323,127,73,390,42,213,0,0,0,0,0,0,0,0,0,0,0,0,0,0,0,0,0,0,0,0,0,0,0,0,0,0,0,0,0,0,0,0,0,0,0,232,698,52,400,115,香港太古城太湖閣2號舖,,
C03,鯉景灣,1036,382,164,200,626,103,488,0,0,0,0,0,0,0,0,0,0,0,0,0,0,0,0,0,0,0,0,0,0,0,0,0,0,0,0,0,0,0,0,0,0,0,257,1293,83,680,285,西灣河康祥街4號太順樓地舖C店,,
C04,西灣河,1255,357,202,286,798,144,806,0,0,0,0,0,0,0,0,0,0,0,0,0,0,0,0,0,0,0,0,0,0,0,0,0,0,0,0,0,0,0,0,0,0,0,327,1660,61,935,510,筲箕灣海利街6號海利大廈地舖,,
C07,阿公岩,1586,349,252,377,959,121,890,0,0,0,0,0,0,0,0,0,0,0,0,0,0,0,0,0,0,0,0,0,0,0,0,0,0,0,0,0,0,0,0,0,0,0,334,2148,95,988,548,香港筲箕灣東大街62-74號泰安閣地下16號舖,,
C10/C11,欣藍/小西灣,483,140,74,693,233,48,307,0,0,0,0,0,0,0,0,0,0,0,0,0,0,0,0,0,0,0,0,0,0,0,0,0,0,0,0,0,0,0,0,0,0,0,140,1004,33,407,192,小西灣邨瑞益樓地下14號鋪,,Y
C12,景怡,754,227,118,724,386,68,442,0,0,0,0,0,0,0,0,0,0,0,0,0,0,0,0,0,0,0,0,0,0,0,0,0,0,0,0,0,0,0,0,0,0,0,203,1370,55,592,288,香港柴灣小西灣道18號富景花園商場1樓112號舖,,
C13,環翠,448,126,58,858,261,37,327,0,0,0,0,0,0,0,0,0,0,0,0,0,0,0,0,0,0,0,0,0,0,0,0,0,0,0,0,0,0,0,0,0,0,0,190,1052,45,442,259,柴灣環翠邨喜翠樓113室,,
C14/C31,翡翠/興民,565,179,83,948,331,53,451,0,0,0,0,0,0,0,0,0,0,0,0,0,0,0,0,0,0,0,0,0,0,0,0,0,0,0,0,0,0,0,0,0,0,0,176,1220,76,524,330,柴灣興華一邨興翠樓地下2室,,
C17/C20,炮台山/堡壘,896,591,179,113,655,99,486,0,0,0,0,0,0,0,0,0,0,0,0,0,0,0,0,0,0,0,0,0,0,0,0,0,0,0,0,0,0,0,0,0,0,0,259,1180,221,693,316,炮台山長康街20號中天樓地舖,,Y
C18,城市花園,209,147,51,32,179,29,131,0,0,0,0,0,0,0,0,0,0,0,0,0,0,0,0,0,0,0,0,0,0,0,0,0,0,0,0,0,0,0,0,0,0,0,61,318,55,168,73,北角炮台山京華道9-27號富利來商場7號地舖,,
C21,錦屏,829,1699,139,128,507,64,535,0,0,0,0,0,0,0,0,0,0,0,0,0,0,0,0,0,0,0,0,0,0,0,0,0,0,0,0,0,0,0,0,0,0,0,320,1324,832,638,345,香港北角錦屏街25A號東發大廈地下31號舖,,
C24/C25,鰂魚涌/南豐,920,389,184,159,627,81,483,0,0,0,0,0,0,0,0,0,0,0,0,0,0,0,0,0,0,0,0,0,0,0,0,0,0,0,0,0,0,0,0,0,0,0,247,1248,98,631,302,香港鰂魚涌英皇道995-997號萬利廣場220鋪,,
C26,康怡,461,516,74,63,262,25,168,0,0,0,0,0,0,0,0,0,0,0,0,0,0,0,0,0,0,0,0,0,0,0,0,0,0,0,0,0,0,0,0,0,0,0,161,631,117,330,80,鰂魚涌康盛街18號地下,,
C27,康山,771,595,175,116,564,72,381,0,0,0,0,0,0,0,0,0,0,0,0,0,0,0,0,0,0,0,0,0,0,0,0,0,0,0,0,0,0,0,0,0,0,0,262,1089,112,629,222,康山花園2座地下H4A鋪,,
C34,漁灣,381,94,51,1321,238,40,310,0,0,0,0,0,0,0,0,0,0,0,0,0,0,0,0,0,0,0,0,0,0,0,0,0,0,0,0,0,0,0,0,0,0,0,184,1111,39,468,253,香港柴灣漁灣邨漁順樓地下29號舖,,
C35,佳曉,212,44,37,518,143,24,181,0,0,0,0,0,0,0,0,0,0,0,0,0,0,0,0,0,0,0,0,0,0,0,0,0,0,0,0,0,0,0,0,0,0,0,79,558,22,273,135,小西灣邨瑞強樓地下1號,,
D01,香港仔,838,270,109,50,1879,80,451,0,0,0,0,0,0,0,0,0,0,0,0,0,0,0,0,0,0,0,0,0,0,0,0,0,0,0,0,0,0,0,0,0,0,0,263,1691,75,820,306,香港仔舊大街120號兆群大廈地下7號舖,,
D02,鴨脷洲邨,682,93,60,24,554,36,229,0,0,0,0,0,0,0,0,0,0,0,0,0,0,0,0,0,0,0,0,0,0,0,0,0,0,0,0,0,0,0,0,0,0,0,206,855,15,317,144,鴨脷洲西邨利福樓低座地下5號,,
D03,鴨脷洲北,574,106,75,20,406,45,165,0,0,0,0,0,0,0,0,0,0,0,0,0,0,0,0,0,0,0,0,0,0,0,0,0,0,0,0,0,0,0,0,0,0,0,119,684,29,325,110,香港南區鴨脷洲大街25-31號年豐大廈地下11號舖,,
D04/D05,利東一/利東二,979,108,78,53,760,75,254,0,0,0,0,0,0,0,0,0,0,0,0,0,0,0,0,0,0,0,0,0,0,0,0,0,0,0,0,0,0,0,0,0,0,0,305,1095,24,382,177,鴨脷洲利東商場二期403號舖,,
D06/D07,海怡東/海怡西,826,614,153,42,1095,52,441,0,0,0,0,0,0,0,0,0,0,0,0,0,0,0,0,0,0,0,0,0,0,0,0,0,0,0,0,0,0,0,0,0,0,0,295,1319,118,828,233,鴨脷洲海怡半島東商場地下G58號舖,,
D08,華貴,444,100,47,27,548,39,179,0,0,0,0,0,0,0,0,0,0,0,0,0,0,0,0,0,0,0,0,0,0,0,0,0,0,0,0,0,0,0,0,0,0,0,133,716,28,273,121,香港仔華貴邨華禮樓地下G02室,,
D09/D10,華富南/華富北,818,92,66,25,553,47,288,0,0,0,0,0,0,0,0,0,0,0,0,0,0,0,0,0,0,0,0,0,0,0,0,0,0,0,0,0,0,0,0,0,0,0,252,967,19,331,183,華富邨華泰樓119室,,
D12,置富,524,205,88,24,427,43,192,0,0,0,0,0,0,0,0,0,0,0,0,0,0,0,0,0,0,0,0,0,0,0,0,0,0,0,0,0,0,0,0,0,0,0,141,592,35,343,89,香港薄扶林置富花園巴士總站,,
D14,石漁,306,58,43,15,586,101,221,0,0,0,0,0,0,0,0,0,0,0,0,0,0,0,0,0,0,0,0,0,0,0,0,0,0,0,0,0,0,0,0,0,0,0,54,684,14,290,168,香港仔石排灣邨碧山樓地下2號,,
D15,黃竹坑,160,45,26,10,150,15,51,0,0,0,0,0,0,0,0,0,0,0,0,0,0,0,0,0,0,0,0,0,0,0,0,0,0,0,0,0,0,0,0,0,0,0,42,194,9,109,27,黃竹坑業興街11號南匯廣場B座9樓916C室,,
D17,赤柱及石澳,172,46,27,15,81,358,87,0,0,0,0,0,0,0,0,0,0,0,0,0,0,0,0,0,0,0,0,0,0,0,0,0,0,0,0,0,0,0,0,0,0,0,65,342,16,151,65,赤柱馬坑邨駿馬樓地下2號,,
E01,尖沙咀西,0,0,0,0,0,0,0,50,22,174,500,40,106,297,133,28,0,0,0,0,0,0,0,0,0,0,0,0,0,0,0,0,0,0,0,0,0,0,0,0,0,0,135,538,30,332,155,西九龍站巴士總站旅遊巴停車場,,
E04,油麻地南,0,0,0,0,0,0,0,65,23,198,505,30,101,314,105,35,0,0,0,0,0,0,0,0,0,0,0,0,0,0,0,0,0,0,0,0,0,0,0,0,0,0,131,609,17,311,127,九龍新填地街151號俊逸豪園1樓A舖,,
E06,旺角西,0,0,0,0,0,0,0,32,18,127,372,25,65,319,141,31,0,0,0,0,0,0,0,0,0,0,0,0,0,0,0,0,0,0,0,0,0,0,0,0,0,0,100,506,16,285,134,旺角砵蘭街160號地下至2樓,,
E07,富柏,0,0,0,0,0,0,0,30,20,134,349,12,82,277,125,23,0,0,0,0,0,0,0,0,0,0,0,0,0,0,0,0,0,0,0,0,0,0,0,0,0,0,86,437,13,232,150,旺角通菜街1M至1T號華發大廈地下D舖,,
E08,奧運,0,0,0,0,0,0,0,143,53,472,1250,49,292,752,366,62,0,0,0,0,0,0,0,0,0,0,0,0,0,0,0,0,0,0,0,0,0,0,0,0,0,0,442,1413,42,694,334,九龍大角咀鐵樹街32-76號富多來商場第二期1/F13號舖,,
E11,大角咀北,0,0,0,0,0,0,0,65,35,303,852,38,151,510,293,38,0,0,0,0,0,0,0,0,0,0,0,0,0,0,0,0,0,0,0,0,0,0,0,0,0,0,215,1018,37,502,216,大角咀大角咀道157號中美樓地下,,
E12,大南,0,0,0,0,0,0,0,44,109,277,791,40,173,488,180,28,0,0,0,0,0,0,0,0,0,0,0,0,0,0,0,0,0,0,0,0,0,0,0,0,0,0,215,975,30,538,177,旺角界限街24號地舖（只在11/7開放）,深水埗北河街141號地舖（只在12/7開放）,
E13/E15,旺角北/旺角南,0,0,0,0,0,0,0,42,25,149,412,31,74,282,154,26,0,0,0,0,0,0,0,0,0,0,0,0,0,0,0,0,0,0,0,0,0,0,0,0,0,0,105,539,26,258,146,旺角通菜街71號,,
E14,旺角東,0,0,0,0,0,0,0,38,39,229,568,43,167,415,173,26,0,0,0,0,0,0,0,0,0,0,0,0,0,0,0,0,0,0,0,0,0,0,0,0,0,0,167,742,23,392,186,太子西洋菜北街312號壽菊樓地舖,,
E16,油麻地北,0,0,0,0,0,0,0,91,38,263,765,33,181,610,249,52,0,0,0,0,0,0,0,0,0,0,0,0,0,0,0,0,0,0,0,0,0,0,0,0,0,0,199,884,22,496,240,廣華街1號地下,廣華街8號地下,
E18,佐敦北,0,0,0,0,0,0,0,39,16,125,363,38,84,282,118,13,0,0,0,0,0,0,0,0,0,0,0,0,0,0,0,0,0,0,0,0,0,0,0,0,0,0,121,440,20,213,110,九龍廣東道608號廣基大廈103室,佐敦道4號,
E20,尖沙咀中,0,0,0,0,0,0,0,32,17,169,432,38,109,272,101,19,0,0,0,0,0,0,0,0,0,0,0,0,0,0,0,0,0,0,0,0,0,0,0,0,0,0,128,472,33,295,98,尖沙咀柯士甸道124-126號帝寶樓號地下D舖,,
F04,石硤尾,0,0,0,0,0,0,0,22,118,126,357,11,247,230,108,16,0,0,0,0,0,0,0,0,0,0,0,0,0,0,0,0,0,0,0,0,0,0,0,0,0,0,88,573,17,234,129,大坑東邨東城樓地下三號,,Y
F05,南昌東,0,0,0,0,0,0,0,26,410,222,642,18,170,388,246,48,0,0,0,0,0,0,0,0,0,0,0,0,0,0,0,0,0,0,0,0,0,0,0,0,0,0,129,943,44,400,267,石硤尾邨19座地下133室,,Y
F08,南昌西,0,0,0,0,0,0,0,9,56,101,224,11,43,131,72,15,0,0,0,0,0,0,0,0,0,0,0,0,0,0,0,0,0,0,0,0,0,0,0,0,0,0,36,312,7,145,73,深水埗南昌邨昌賢樓地下8-9室,,Y
F09,富昌,0,0,0,0,0,0,0,21,33,151,370,9,111,506,225,42,0,0,0,0,0,0,0,0,0,0,0,0,0,0,0,0,0,0,0,0,0,0,0,0,0,0,52,592,11,367,234,九龍深水埗富昌邨富良樓地下8號室,,Y
F10,麗閣,0,0,0,0,0,0,0,59,210,289,797,27,173,512,241,51,0,0,0,0,0,0,0,0,0,0,0,0,0,0,0,0,0,0,0,0,0,0,0,0,0,0,222,1149,37,555,259,深水埗麗閣邨麗芙樓地下S14室,,
F11,幸福,0,0,0,0,0,0,0,24,1169,171,469,22,77,282,161,33,0,0,0,0,0,0,0,0,0,0,0,0,0,0,0,0,0,0,0,0,0,0,0,0,0,0,296,926,119,425,255,長沙灣幸福邨福日樓地下10室,,
F12,碧匯,0,0,0,0,0,0,0,57,57,92,277,16,52,204,84,15,0,0,0,0,0,0,0,0,0,0,0,0,0,0,0,0,0,0,0,0,0,0,0,0,0,0,71,397,4,185,86,九龍長沙灣荔盈街1號海盈邨盈輝樓地下,,
F13,荔枝角中,0,0,0,0,0,0,0,146,49,329,837,30,247,675,142,26,0,0,0,0,0,0,0,0,0,0,0,0,0,0,0,0,0,0,0,0,0,0,0,0,0,0,249,1051,37,516,144,荔枝角深盛路昇悅商場外,,
F14,荔枝角南,0,0,0,0,0,0,0,42,546,198,510,19,93,372,251,54,0,0,0,0,0,0,0,0,0,0,0,0,0,0,0,0,0,0,0,0,0,0,0,0,0,0,206,1064,27,376,225,九龍荔枝角海麗邨海禧樓地下4室,,
F15,美孚南,0,0,0,0,0,0,0,103,43,345,1071,48,328,647,180,52,0,0,0,0,0,0,0,0,0,0,0,0,0,0,0,0,0,0,0,0,0,0,0,0,0,0,260,1141,108,667,184,美孚葵涌道天橋底,,
F16,美孚中,0,0,0,0,0,0,0,74,38,288,803,43,344,565,127,38,0,0,0,0,0,0,0,0,0,0,0,0,0,0,0,0,0,0,0,0,0,0,0,0,0,0,224,956,99,494,161,九龍美孚新邨5期蘭秀道15號地下D鋪,,
F19,元州,0,0,0,0,0,0,0,96,2468,411,1182,40,240,787,368,109,0,0,0,0,0,0,0,0,0,0,0,0,0,0,0,0,0,0,0,0,0,0,0,0,0,0,328,1477,48,716,376,九龍長沙灣元州邨元禧樓地下,,
F20,蘇屋,0,0,0,0,0,0,0,23,598,105,353,14,60,187,110,36,0,0,0,0,0,0,0,0,0,0,0,0,0,0,0,0,0,0,0,0,0,0,0,0,0,0,197,727,43,295,120,櫻桃樓互助委員會,,
F21,李鄭屋,0,0,0,0,0,0,0,49,404,169,519,17,91,294,119,20,0,0,0,0,0,0,0,0,0,0,0,0,0,0,0,0,0,0,0,0,0,0,0,0,0,0,210,678,17,292,125,李鄭屋邨禮讓樓地下102室,,
F23,下白田,0,0,0,0,0,0,0,38,24,115,325,17,83,191,160,32,0,0,0,0,0,0,0,0,0,0,0,0,0,0,0,0,0,0,0,0,0,0,0,0,0,0,37,474,8,163,154,深水埗白田邨運田樓地下21號,,Y
F24,又一村,0,0,0,0,0,0,0,15,31,56,168,18,237,115,49,11,0,0,0,0,0,0,0,0,0,0,0,0,0,0,0,0,0,0,0,0,0,0,0,0,0,0,79,250,10,174,44,深水埗西洋菜北街221B號騏昌大廈地下2號舖,,
G01,馬頭圍,0,0,0,0,0,0,0,154,40,409,1019,44,240,604,423,62,0,0,0,0,0,0,0,0,0,0,0,0,0,0,0,0,0,0,0,0,0,0,0,0,0,0,299,1408,40,595,291,馬頭圍邨芙蓉樓地下214A室,,
G03,馬坑涌,0,0,0,0,0,0,0,143,30,342,879,39,184,536,274,45,0,0,0,0,0,0,0,0,0,0,0,0,0,0,0,0,0,0,0,0,0,0,0,0,0,0,241,1216,33,455,232,九龍土瓜灣馬坑涌道6號華發大廈地下商場2A號舖,,
G04,馬頭角,0,0,0,0,0,0,0,77,13,150,361,21,66,230,169,16,0,0,0,0,0,0,0,0,0,0,0,0,0,0,0,0,0,0,0,0,0,0,0,0,0,0,108,451,11,230,121,九龍土瓜灣馬頭圍道436號金華樓1樓B室,,
G06,常樂,0,0,0,0,0,0,0,93,6,140,334,11,58,230,119,20,0,0,0,0,0,0,0,0,0,0,0,0,0,0,0,0,0,0,0,0,0,0,0,0,0,0,101,417,10,198,110,何文田邨逸文樓地下六號,,
G08,嘉道理,0,0,0,0,0,0,0,787,20,216,560,35,146,361,148,20,0,0,0,0,0,0,0,0,0,0,0,0,0,0,0,0,0,0,0,0,0,0,0,0,0,0,569,732,126,389,174,九龍何文田亞皆老街98號富都大廈2字樓9-10室,,
G17,土瓜灣南,0,0,0,0,0,0,0,59,27,315,821,23,143,499,367,31,0,0,0,0,0,0,0,0,0,0,0,0,0,0,0,0,0,0,0,0,0,0,0,0,0,0,193,1045,31,497,272,土瓜灣浙江街41號合誠商業大廈三樓A室,土瓜灣鴻福街16號地下,
G18,鶴園海逸,0,0,0,0,0,0,0,53,20,211,583,23,114,382,197,28,0,0,0,0,0,0,0,0,0,0,0,0,0,0,0,0,0,0,0,0,0,0,0,0,0,0,177,733,16,346,170,紅磡馬頭圍道37-39號紅磡廣場2樓B79、B81室,,
G19/G20,黃埔東/黃埔西,0,0,0,0,0,0,0,270,52,578,1931,60,495,1402,492,88,0,0,0,0,0,0,0,0,0,0,0,0,0,0,0,0,0,0,0,0,0,0,0,0,0,0,175,644,33,370,181,黃埔地鐵站A出對出,,
G22,紅磡,0,0,0,0,0,0,0,96,21,205,511,29,129,419,177,14,0,0,0,0,0,0,0,0,0,0,0,0,0,0,0,0,0,0,0,0,0,0,0,0,0,0,80,224,3,94,87,九龍紅磡蕪湖街63-69號兆寶閣1樓B室,,
G23,家維,0,0,0,0,0,0,0,104,6,91,167,4,27,115,77,10,0,0,0,0,0,0,0,0,0,0,0,0,0,0,0,0,0,0,0,0,0,0,0,0,0,0,452,1049,11,437,208,紅磡邨紅昇樓地下3號室,,
G24,愛民,0,0,0,0,0,0,0,439,22,295,738,22,138,485,224,37,0,0,0,0,0,0,0,0,0,0,0,0,0,0,0,0,0,0,0,0,0,0,0,0,0,0,542,2231,70,1229,533,愛民邨德民樓平台429室,,
H02,龍下,0,0,0,0,0,0,0,0,0,0,0,0,0,0,0,0,95,365,21,177,624,337,0,0,0,0,0,0,0,0,0,0,0,0,0,0,0,0,0,0,0,0,72,725,21,320,269,黃大仙下邨一區龍裕樓地下105室,,Y
H03,龍上,0,0,0,0,0,0,0,0,0,0,0,0,0,0,0,0,160,420,17,273,780,401,0,0,0,0,0,0,0,0,0,0,0,0,0,0,0,0,0,0,0,0,131,994,23,367,271,黃大仙上邨啟善樓地下1號,,
H04,鳳凰,0,0,0,0,0,0,0,0,0,0,0,0,0,0,0,0,510,287,4,119,442,169,0,0,0,0,0,0,0,0,0,0,0,0,0,0,0,0,0,0,0,0,385,634,18,255,127,黃大仙雙鳳街16號1樓,,
H05,鳳德,0,0,0,0,0,0,0,0,0,0,0,0,0,0,0,0,279,890,18,439,1186,437,0,0,0,0,0,0,0,0,0,0,0,0,0,0,0,0,0,0,0,0,272,1439,50,657,318,鳳德邨斑鳳樓205室(商場),,
H07,新蒲崗,0,0,0,0,0,0,0,0,0,0,0,0,0,0,0,0,160,683,40,311,963,417,0,0,0,0,0,0,0,0,0,0,0,0,0,0,0,0,0,0,0,0,183,1287,33,542,321,新蒲崗崇齡街33號新蒲崗廣場2樓C33A號舖,,
H08,東頭,0,0,0,0,0,0,0,0,0,0,0,0,0,0,0,0,52,235,35,154,321,127,0,0,0,0,0,0,0,0,0,0,0,0,0,0,0,0,0,0,0,0,76,420,15,170,103,東頭村道183號東頭邨興東樓地下09號,,
H09,東美,0,0,0,0,0,0,0,0,0,0,0,0,0,0,0,0,34,175,520,75,289,119,0,0,0,0,0,0,0,0,0,0,0,0,0,0,0,0,0,0,0,0,183,481,22,166,106,黃大仙東頭邨，偉東樓地下11B室,,
H10,樂富,0,0,0,0,0,0,0,0,0,0,0,0,0,0,0,0,43,274,10,112,383,188,0,0,0,0,0,0,0,0,0,0,0,0,0,0,0,0,0,0,0,0,80,444,14,194,115,樂富邨樂泰樓高層地下16號室,,
H11,橫頭磡,0,0,0,0,0,0,0,0,0,0,0,0,0,0,0,0,104,869,12,227,709,308,0,0,0,0,0,0,0,0,0,0,0,0,0,0,0,0,0,0,0,0,186,1076,108,445,256,橫頭磡邨宏顯樓地下104-105號,,
H12,天強,0,0,0,0,0,0,0,0,0,0,0,0,0,0,0,0,32,443,8,91,395,169,0,0,0,0,0,0,0,0,0,0,0,0,0,0,0,0,0,0,0,0,46,524,71,243,141,橫頭磡邨宏德樓地下103號,,Y
H13,翠竹及鵬程,0,0,0,0,0,0,0,0,0,0,0,0,0,0,0,0,67,381,3,137,410,266,0,0,0,0,0,0,0,0,0,0,0,0,0,0,0,0,0,0,0,0,96,605,30,288,156,香港翠竹街8號翠竹商場404A,,
H14,竹園南,0,0,0,0,0,0,0,0,0,0,0,0,0,0,0,0,26,111,16,52,171,82,0,0,0,0,0,0,0,0,0,0,0,0,0,0,0,0,0,0,0,0,33,201,9,95,52,竹園南邨華園樓117室,,
H15,竹園北,0,0,0,0,0,0,0,0,0,0,0,0,0,0,0,0,170,642,21,300,728,309,0,0,0,0,0,0,0,0,0,0,0,0,0,0,0,0,0,0,0,0,192,1100,37,441,217,竹園北邨蕙園樓地下106室,,
H16,慈雲西,0,0,0,0,0,0,0,0,0,0,0,0,0,0,0,0,507,346,4,173,561,300,0,0,0,0,0,0,0,0,0,0,0,0,0,0,0,0,0,0,0,0,372,808,17,289,226,慈樂邨樂合樓地下12號,,
H17,正愛,0,0,0,0,0,0,0,0,0,0,0,0,0,0,0,0,103,383,10,183,615,271,0,0,0,0,0,0,0,0,0,0,0,0,0,0,0,0,0,0,0,0,96,704,12,308,197,慈正邨正德樓地下A翼,,
H18,正安,0,0,0,0,0,0,0,0,0,0,0,0,0,0,0,0,84,209,4,139,360,181,0,0,0,0,0,0,0,0,0,0,0,0,0,0,0,0,0,0,0,0,68,473,11,178,159,慈正邨正旭樓地下25號,,
H19,慈雲東,0,0,0,0,0,0,0,0,0,0,0,0,0,0,0,0,76,347,4,191,626,349,0,0,0,0,0,0,0,0,0,0,0,0,0,0,0,0,0,0,0,0,54,805,16,310,282,慈康邨康德樓地下4A&4B室,,Y
H20,瓊富,0,0,0,0,0,0,0,0,0,0,0,0,0,0,0,0,1139,525,6,230,820,298,0,0,0,0,0,0,0,0,0,0,0,0,0,0,0,0,0,0,0,0,635,1298,31,557,223,富山邨富信樓地下3E室,,
H21/H22/H23,彩雲東/彩雲南/彩雲西,0,0,0,0,0,0,0,0,0,0,0,0,0,0,0,0,533,543,20,256,797,411,0,0,0,0,0,0,0,0,0,0,0,0,0,0,0,0,0,0,0,0,349,1195,39,460,269,九龍黃大仙彩雲邨豐澤樓地下108室,,
H24,池彩,0,0,0,0,0,0,0,0,0,0,0,0,0,0,0,0,111,167,0,71,272,155,0,0,0,0,0,0,0,0,0,0,0,0,0,0,0,0,0,0,0,0,74,309,5,145,108,彩虹邨金漢樓地下162室,,Y
H25,彩虹,0,0,0,0,0,0,0,0,0,0,0,0,0,0,0,0,187,382,8,173,529,320,0,0,0,0,0,0,0,0,0,0,0,0,0,0,0,0,0,0,0,0,127,683,20,284,201,彩虹邨金華樓地下105室,,
J01/J37,觀塘中心/定安,0,0,0,0,0,0,0,0,0,0,0,0,0,0,0,0,52,192,4,82,315,195,0,0,0,0,0,0,0,0,0,0,0,0,0,0,0,0,0,0,0,0,48,419,6,176,116,花園大廈玉蓮臺2座地下2號鋪,,Y
J03,啟業,0,0,0,0,0,0,0,0,0,0,0,0,0,0,0,0,383,251,6,121,386,157,0,0,0,0,0,0,0,0,0,0,0,0,0,0,0,0,0,0,0,0,255,585,14,212,117,啟業邨啟盛樓地下18A,,
J04,麗晶,0,0,0,0,0,0,0,0,0,0,0,0,0,0,0,0,79,1162,9,249,570,267,0,0,0,0,0,0,0,0,0,0,0,0,0,0,0,0,0,0,0,0,193,1110,90,470,196,九龍九龍灣麗晶花園商場220B舖,,
J08,順天,0,0,0,0,0,0,0,0,0,0,0,0,0,0,0,0,1624,343,40,195,580,307,0,0,0,0,0,0,0,0,0,0,0,0,0,0,0,0,0,0,0,0,1185,1169,62,313,214,順天邨天暉樓地下1號,,
J10,安利,0,0,0,0,0,0,0,0,0,0,0,0,0,0,0,0,217,439,11,222,625,305,0,0,0,0,0,0,0,0,0,0,0,0,0,0,0,0,0,0,0,0,158,913,25,374,214,順安邨安群樓地下21號,,
J12,秀茂坪北,0,0,0,0,0,0,0,0,0,0,0,0,0,0,0,0,195,717,12,481,1236,831,0,0,0,0,0,0,0,0,0,0,0,0,0,0,0,0,0,0,0,0,210,1680,38,679,472,秀茂坪邨秀和樓地下17號,,Y
J16,寶達,0,0,0,0,0,0,0,0,0,0,0,0,0,0,0,0,146,620,10,390,1158,898,0,0,0,0,0,0,0,0,0,0,0,0,0,0,0,0,0,0,0,0,186,1636,39,636,517,觀塘寶達邨達康樓地下G17號,,
J18,興田,0,0,0,0,0,0,0,0,0,0,0,0,0,0,0,0,271,531,6,487,830,298,0,0,0,0,0,0,0,0,0,0,0,0,0,0,0,0,0,0,0,0,253,1119,24,505,227,九龍藍田德田邨德瑞樓地下B室,,
J20,平田,0,0,0,0,0,0,0,0,0,0,0,0,0,0,0,0,92,422,7,404,805,468,0,0,0,0,0,0,0,0,0,0,0,0,0,0,0,0,0,0,0,0,154,1076,27,501,290,平田邨平仁樓地下一號,,
J21,栢雅,0,0,0,0,0,0,0,0,0,0,0,0,0,0,0,0,120,341,2,269,399,184,0,0,0,0,0,0,0,0,0,0,0,0,0,0,0,0,0,0,0,0,138,587,19,250,131,九龍藍田康瑞苑停車場,,
J23,油塘東,0,0,0,0,0,0,0,0,0,0,0,0,0,0,0,0,127,556,7,346,958,559,0,0,0,0,0,0,0,0,0,0,0,0,0,0,0,0,0,0,0,0,137,1191,22,472,362,油塘高怡邨高遠樓地下4號,,
J25,油麗,0,0,0,0,0,0,0,0,0,0,0,0,0,0,0,0,144,553,5,339,1013,562,0,0,0,0,0,0,0,0,0,0,0,0,0,0,0,0,0,0,0,0,171,1393,37,519,407,油塘油麗邨逸麗樓地下,,
J27,麗港城,0,0,0,0,0,0,0,0,0,0,0,0,0,0,0,0,133,1407,7,254,938,314,0,0,0,0,0,0,0,0,0,0,0,0,0,0,0,0,0,0,0,0,296,1236,141,622,258,藍田麗港城第三期麗港中心商場20號地舖,,
J28,景田,0,0,0,0,0,0,0,0,0,0,0,0,0,0,0,0,180,1627,13,660,1687,650,0,0,0,0,0,0,0,0,0,0,0,0,0,0,0,0,0,0,0,0,341,2208,109,1100,487,九龍匯景藍田匯景廣場L5-30舖,,
J29,翠屏,0,0,0,0,0,0,0,0,0,0,0,0,0,0,0,0,251,385,6,224,741,466,0,0,0,0,0,0,0,0,0,0,0,0,0,0,0,0,0,0,0,0,190,993,34,377,267,觀塘翠屏南邨翠櫻樓地下5號室,,Y
J31,寶樂,0,0,0,0,0,0,0,0,0,0,0,0,0,0,0,0,338,520,4,249,895,593,0,0,0,0,0,0,0,0,0,0,0,0,0,0,0,0,0,0,0,0,258,1072,28,511,245,觀塘和樂邨長安樓地下104室,,
J35,樂華北,0,0,0,0,0,0,0,0,0,0,0,0,0,0,0,0,99,437,6,191,601,256,0,0,0,0,0,0,0,0,0,0,0,0,0,0,0,0,0,0,0,0,114,765,20,309,156,牛頭角樂華北邨立華樓平台513室,,
J36,康樂,0,0,0,0,0,0,0,0,0,0,0,0,0,0,0,0,62,333,3,156,433,255,0,0,0,0,0,0,0,0,0,0,0,0,0,0,0,0,0,0,0,0,84,566,21,291,118,香港九龍觀塘通明街29號地下,,
J39,牛頭角下邨,0,0,0,0,0,0,0,0,0,0,0,0,0,0,0,0,144,569,6,327,961,460,0,0,0,0,0,0,0,0,0,0,0,0,0,0,0,0,0,0,0,0,157,1122,48,552,286,九龍牛頭角下邨貴亮樓地下3號,,
J40,淘大,0,0,0,0,0,0,0,0,0,0,0,0,0,0,0,0,276,1845,8,734,2704,1126,0,0,0,0,0,0,0,0,0,0,0,0,0,0,0,0,0,0,0,0,361,2882,144,1494,791,九龍灣淘大商場F161舖,,
K01,德華,0,0,0,0,0,0,0,0,0,0,0,0,0,0,0,0,0,0,0,0,0,0,230,319,252,328,961,556,221,517,0,0,0,0,0,0,0,0,0,0,0,0,182,1326,44,1080,425,荃灣西樓角路華都中心地下43號,,
K03,荃灣南,0,0,0,0,0,0,0,0,0,0,0,0,0,0,0,0,0,0,0,0,0,0,86,107,67,56,298,164,71,104,0,0,0,0,0,0,0,0,0,0,0,0,54,421,21,248,88,荃灣橫龍街77-87號富利工業大廈地下（只在12/7開放）,,
K04,海濱,0,0,0,0,0,0,0,0,0,0,0,0,0,0,0,0,0,0,0,0,0,0,189,293,190,80,1155,465,138,384,0,0,0,0,0,0,0,0,0,0,0,0,127,631,21,1516,235,海濱花園C平台2樓113號,,
K05,荃灣西,0,0,0,0,0,0,0,0,0,0,0,0,0,0,0,0,0,0,0,0,0,0,511,440,250,133,1095,527,175,559,0,0,0,0,0,0,0,0,0,0,0,0,283,1548,47,1002,352,麗城三期噴水池對出空地,,
K06,祈德尊,0,0,0,0,0,0,0,0,0,0,0,0,0,0,0,0,0,0,0,0,0,0,220,264,190,99,924,547,241,603,0,0,0,0,0,0,0,0,0,0,0,0,170,1208,32,883,427,新界荃灣沙咀道139號B1地舖,,
K07,荃灣中心,0,0,0,0,0,0,0,0,0,0,0,0,0,0,0,0,0,0,0,0,0,0,27,26,20,20,92,59,32,63,0,0,0,0,0,0,0,0,0,0,0,0,18,133,1,119,44,荃灣中心一期商舖s41,,Y
K09,福來,0,0,0,0,0,0,0,0,0,0,0,0,0,0,0,0,0,0,0,0,0,0,255,212,165,105,627,478,183,453,0,0,0,0,0,0,0,0,0,0,0,0,157,1044,25,644,367,荃灣福來邨永樂樓地下8A室,,
K10,綠楊,0,0,0,0,0,0,0,0,0,0,0,0,0,0,0,0,0,0,0,0,0,0,136,164,130,365,546,366,102,300,0,0,0,0,0,0,0,0,0,0,0,0,116,830,33,673,221,荃灣西樓角路202-216號昌寧商場地下12號鋪,,
K11,馬灣,0,0,0,0,0,0,0,0,0,0,0,0,0,0,0,0,0,0,0,0,0,0,56,120,64,857,353,144,40,107,0,0,0,0,0,0,0,0,0,0,0,0,136,713,18,453,82,馬灣大街村東9號地下,,
K13,汀深,0,0,0,0,0,0,0,0,0,0,0,0,0,0,0,0,0,0,0,0,0,0,233,427,263,213,1027,442,174,394,0,0,0,0,0,0,0,0,0,0,0,0,245,1310,43,812,244,新界荃灣深井村57號二樓,,
K15,荃威,0,0,0,0,0,0,0,0,0,0,0,0,0,0,0,0,0,0,0,0,0,0,104,126,166,55,366,216,77,159,0,0,0,0,0,0,0,0,0,0,0,0,113,526,22,378,125,新界荃灣荃威花園一期商場地下22A號舖 ,,
K16,象石,0,0,0,0,0,0,0,0,0,0,0,0,0,0,0,0,0,0,0,0,0,0,279,113,77,136,457,294,113,254,0,0,0,0,0,0,0,0,0,0,0,0,128,816,18,427,204,荃灣石圍角邨石菊樓地下18室,,
L01,屯門市中心,0,0,0,0,0,0,0,0,0,0,0,0,0,0,0,0,0,0,0,0,0,0,557,307,303,82,1343,532,288,1479,0,0,0,0,0,0,0,0,0,0,0,0,288,2273,60,1034,676,屯門市中心新都大廈商場地下107號鋪,,
L04,兆翠,0,0,0,0,0,0,0,0,0,0,0,0,0,0,0,0,0,0,0,0,0,0,376,298,297,71,1272,454,187,1154,0,0,0,0,0,0,0,0,0,0,0,0,260,2073,55,864,541,屯門兆麟輕鐵站旁天橋,,
L05,友愛南,0,0,0,0,0,0,0,0,0,0,0,0,0,0,0,0,0,0,0,0,0,0,526,152,579,36,779,343,177,977,0,0,0,0,0,0,0,0,0,0,0,0,303,1800,41,644,449,屯門友愛邨愛智樓地下111室,,
L07,翠興,0,0,0,0,0,0,0,0,0,0,0,0,0,0,0,0,0,0,0,0,0,0,199,155,115,28,587,178,85,1302,0,0,0,0,0,0,0,0,0,0,0,0,135,1342,22,453,421,屯門河旺街及震寰路交界（大興花園一期旁）,,
L08,山景,0,0,0,0,0,0,0,0,0,0,0,0,0,0,0,0,0,0,0,0,0,0,93,90,82,20,364,140,74,1159,0,0,0,0,0,0,0,0,0,0,0,0,102,991,24,322,467,屯門山景邨鳴琴站(往良景方向中間出口旁),,
L10,興澤,0,0,0,0,0,0,0,0,0,0,0,0,0,0,0,0,0,0,0,0,0,0,89,91,56,16,265,93,37,629,0,0,0,0,0,0,0,0,0,0,0,0,69,601,13,231,199,澤豐花園商場1樓30舖,,
L11,新墟,0,0,0,0,0,0,0,0,0,0,0,0,0,0,0,0,0,0,0,0,0,0,242,201,199,45,828,323,210,1667,0,0,0,0,0,0,0,0,0,0,0,0,166,1813,32,698,676,紅橋青菱徑金銘大廈地下,屯門鄉事會路94-110號康利中心16號地舖（新墟街市對面後巷）,
L18,蝴蝶,0,0,0,0,0,0,0,0,0,0,0,0,0,0,0,0,0,0,0,0,0,0,479,243,182,49,977,419,159,960,0,0,0,0,0,0,0,0,0,0,0,0,213,1774,45,623,461,屯門蝴蝶邨蝶舞樓地下134A,,
L20,樂翠,0,0,0,0,0,0,0,0,0,0,0,0,0,0,0,0,0,0,0,0,0,0,245,128,117,26,596,247,114,596,0,0,0,0,0,0,0,0,0,0,0,0,101,1043,35,418,276,屯門美樂花園商場地下39號舖,,Y
L21,龍門,0,0,0,0,0,0,0,0,0,0,0,0,0,0,0,0,0,0,0,0,0,0,236,227,181,36,787,382,164,1189,0,0,0,0,0,0,0,0,0,0,0,0,121,1201,26,591,566,屯門龍門居商場地下105號,,
L22,新景,0,0,0,0,0,0,0,0,0,0,0,0,0,0,0,0,0,0,0,0,0,0,492,76,47,15,287,105,49,407,0,0,0,0,0,0,0,0,0,0,0,0,205,707,19,206,159,屯門良景邨良智樓G21,,
L23/L24,良景/田景,0,0,0,0,0,0,0,0,0,0,0,0,0,0,0,0,0,0,0,0,0,0,313,144,125,24,831,279,122,1419,0,0,0,0,0,0,0,0,0,0,0,0,146,1657,39,523,525,屯門良景巴士總站側空地,,
L26,建生,0,0,0,0,0,0,0,0,0,0,0,0,0,0,0,0,0,0,0,0,0,0,167,155,105,31,1066,276,140,766,0,0,0,0,0,0,0,0,0,0,0,0,121,1375,18,603,366,屯門良德街9號盈豐商場地下A25B,,
L27,兆康,0,0,0,0,0,0,0,0,0,0,0,0,0,0,0,0,0,0,0,0,0,0,730,222,193,45,1037,407,267,1040,0,0,0,0,0,0,0,0,0,0,0,0,224,2079,35,794,537,屯門兆康苑兆康商場212A室,,
L30,富泰,0,0,0,0,0,0,0,0,0,0,0,0,0,0,0,0,0,0,0,0,0,0,151,81,83,28,466,179,106,493,0,0,0,0,0,0,0,0,0,0,0,0,76,764,16,254,251,新界屯門屯貴路9號富泰邨秀泰樓地下5號,,
L31,景峰,0,0,0,0,0,0,0,0,0,0,0,0,0,0,0,0,0,0,0,0,0,0,341,137,95,32,526,193,97,821,0,0,0,0,0,0,0,0,0,0,0,0,183,1057,22,419,267,屯門景峰輕鐵站側,,
M01,豐年,0,0,0,0,0,0,0,0,0,0,0,0,0,0,0,0,0,0,0,0,0,0,331,324,308,78,1863,724,817,876,0,0,0,0,0,0,0,0,0,0,0,0,206,2312,53,1090,943,馬田路38號怡豐花園12號舖,,
M02,元朗中心,0,0,0,0,0,0,0,0,0,0,0,0,0,0,0,0,0,0,0,0,0,0,343,315,293,97,1732,806,1020,924,0,0,0,0,0,0,0,0,0,0,0,0,200,2743,50,1024,1059,新界元朗安寧路38號世宙1座地下3號舖,,
M03,鳳翔,0,0,0,0,0,0,0,0,0,0,0,0,0,0,0,0,0,0,0,0,0,0,291,414,387,98,1572,699,732,1139,0,0,0,0,0,0,0,0,0,0,0,0,245,2282,57,960,1073,元朗鳳攸北街11號益發大厦商場1樓1號舖,,
M08,北朗,0,0,0,0,0,0,0,0,0,0,0,0,0,0,0,0,0,0,0,0,0,0,275,171,159,42,1095,413,523,470,0,0,0,0,0,0,0,0,0,0,0,0,69,1862,13,470,466,元朗朗屏邨寶屏樓地下102室,,
M22,嘉湖南,0,0,0,0,0,0,0,0,0,0,0,0,0,0,0,0,0,0,0,0,0,0,412,308,360,54,1394,555,2347,572,0,0,0,0,0,0,0,0,0,0,0,0,279,3040,54,1158,1196,天水圍天瑞邨瑞滿樓地下4號,,
M28,悅恩,0,0,0,0,0,0,0,0,0,0,0,0,0,0,0,0,0,0,0,0,0,0,308,285,266,57,1439,676,2725,694,0,0,0,0,0,0,0,0,0,0,0,0,282,3177,63,1046,1676,天水圍天悅邨悅富樓C翼地下DB3號單位對出空地,,
M29,晴景,0,0,0,0,0,0,0,0,0,0,0,0,0,0,0,0,0,0,0,0,0,0,366,228,198,31,956,427,2278,550,0,0,0,0,0,0,0,0,0,0,0,0,205,2157,38,732,1408,天晴邨晴雲樓地下6室,,
M33,宏逸,0,0,0,0,0,0,0,0,0,0,0,0,0,0,0,0,0,0,0,0,0,0,183,138,118,43,930,490,2068,900,0,0,0,0,0,0,0,0,0,0,0,0,102,1697,22,457,2450,新界天水圍天瑞路88號俊宏軒9座地下對出空地,,
M35,錦綉花園,0,0,0,0,0,0,0,0,0,0,0,0,0,0,0,0,0,0,0,0,0,0,227,335,172,57,1071,380,512,469,0,0,0,0,0,0,0,0,0,0,0,0,220,1280,46,546,632,元朗錦繡花園市中心商場二座地下8號,,
S02,葵聯,0,0,0,0,0,0,0,0,0,0,0,0,0,0,0,0,0,0,0,0,0,0,280,102,109,30,326,191,87,201,0,0,0,0,0,0,0,0,0,0,0,0,111,591,23,263,151,葵涌葵芳邨葵智樓地下5號,,
S03,葵盛東邨,0,0,0,0,0,0,0,0,0,0,0,0,0,0,0,0,0,0,0,0,0,0,254,138,92,30,499,262,112,253,0,0,0,0,0,0,0,0,0,0,0,0,149,722,23,350,216,葵涌葵盛東邨盛強樓平台G1室,,
S04,上大窩口,0,0,0,0,0,0,0,0,0,0,0,0,0,0,0,0,0,0,0,0,0,0,404,45,36,24,202,143,57,133,0,0,0,0,0,0,0,0,0,0,0,0,105,579,15,203,95,新界葵涌大窩口富國樓地下2室,,
S05,下大窩口,0,0,0,0,0,0,0,0,0,0,0,0,0,0,0,0,0,0,0,0,0,0,178,101,92,40,390,194,93,179,0,0,0,0,0,0,0,0,0,0,0,0,132,576,15,298,149,葵涌大窩口邨富秀樓地下1號,,
S06,葵涌邨南,0,0,0,0,0,0,0,0,0,0,0,0,0,0,0,0,0,0,0,0,0,0,122,88,107,34,538,265,103,277,0,0,0,0,0,0,0,0,0,0,0,0,117,759,14,376,204,新界葵涌葵涌邨秋葵樓地下5號,,
S07,葵涌邨北,0,0,0,0,0,0,0,0,0,0,0,0,0,0,0,0,0,0,0,0,0,0,175,99,131,41,582,350,168,376,0,0,0,0,0,0,0,0,0,0,0,0,132,906,20,437,303,新界葵青葵涌邨曉葵樓地下29號,,
S08,石蔭,0,0,0,0,0,0,0,0,0,0,0,0,0,0,0,0,0,0,0,0,0,0,1216,100,111,48,478,400,149,337,0,0,0,0,0,0,0,0,0,0,0,0,280,1400,18,537,297,葵涌和宜合道瑞景大廈一樓23B,,
S11,安蔭,0,0,0,0,0,0,0,0,0,0,0,0,0,0,0,0,0,0,0,0,0,0,310,47,43,19,244,175,81,183,0,0,0,0,0,0,0,0,0,0,0,0,74,526,16,236,134,新界葵涌安蔭邨德蔭樓附翼地下1室,,Y
S13,石籬南,0,0,0,0,0,0,0,0,0,0,0,0,0,0,0,0,0,0,0,0,0,0,917,125,97,54,664,429,177,466,0,0,0,0,0,0,0,0,0,0,0,0,265,1512,24,566,364,葵涌石籬一邨石安樓B翼地下1號,,
S14,葵芳,0,0,0,0,0,0,0,0,0,0,0,0,0,0,0,0,0,0,0,0,0,0,164,139,135,62,481,277,131,225,0,0,0,0,0,0,0,0,0,0,0,0,116,732,24,427,188,葵芳邨葵仁樓地下七號,葵涌大連排道132-134號景星工業大廈地舖,Y (1 only)
S15,興芳,0,0,0,0,0,0,0,0,0,0,0,0,0,0,0,0,0,0,0,0,0,0,373,255,238,96,975,650,298,655,0,0,0,0,0,0,0,0,0,0,0,0,170,1642,41,915,521,葵芳葵富路7號葵涌廣場A15舖地下,,
S16,華麗,0,0,0,0,0,0,0,0,0,0,0,0,0,0,0,0,0,0,0,0,0,0,208,77,31,21,203,120,64,97,0,0,0,0,0,0,0,0,0,0,0,0,81,338,12,157,86,新界葵涌麗瑤邨樂瑤樓115室,,
S17,荔華,0,0,0,0,0,0,0,0,0,0,0,0,0,0,0,0,0,0,0,0,0,0,99,287,76,23,421,185,76,229,0,0,0,0,0,0,0,0,0,0,0,0,109,643,54,295,195,新界荔枝角華荔邨喜荔樓七樓平台704室對出空地,,
S18,祖堯,0,0,0,0,0,0,0,0,0,0,0,0,0,0,0,0,0,0,0,0,0,0,77,105,77,30,287,123,61,122,0,0,0,0,0,0,0,0,0,0,0,0,81,368,16,227,80,新界葵涌荔景祖堯邨松齡舍地下1號鋪,,
S19,荔景,0,0,0,0,0,0,0,0,0,0,0,0,0,0,0,0,0,0,0,0,0,0,122,139,99,33,388,234,89,180,0,0,0,0,0,0,0,0,0,0,0,0,101,523,20,318,165,葵涌荔景邨安景樓地下6號,,
S20,葵盛西邨,0,0,0,0,0,0,0,0,0,0,0,0,0,0,0,0,0,0,0,0,0,0,129,83,65,23,320,180,71,162,0,0,0,0,0,0,0,0,0,0,0,0,65,491,15,217,113,葵盛西邨第8座平台343室,,
S22,偉盈,0,0,0,0,0,0,0,0,0,0,0,0,0,0,0,0,0,0,0,0,0,0,193,447,189,65,1245,362,122,281,0,0,0,0,0,0,0,0,0,0,0,0,234,1310,44,845,238,青衣邨宜偉樓地下12號,,
S24,翠怡,0,0,0,0,0,0,0,0,0,0,0,0,0,0,0,0,0,0,0,0,0,0,293,544,274,83,1268,516,222,448,0,0,0,0,0,0,0,0,0,0,0,0,257,1648,64,923,355,海悅花園（青衣街市對面）有蓋避雨亭,,
S25,長青,0,0,0,0,0,0,0,0,0,0,0,0,0,0,0,0,0,0,0,0,0,0,381,161,137,54,611,284,140,260,0,0,0,0,0,0,0,0,0,0,0,0,159,935,25,424,229,青衣長青邨青榕樓126室,,
S28,青衣南,0,0,0,0,0,0,0,0,0,0,0,0,0,0,0,0,0,0,0,0,0,0,172,155,104,46,701,378,150,433,0,0,0,0,0,0,0,0,0,0,0,0,92,1013,26,495,287,青衣長宏邨宏善樓地下C翼,,
S30,青發,0,0,0,0,0,0,0,0,0,0,0,0,0,0,0,0,0,0,0,0,0,0,691,753,323,110,1637,852,299,728,0,0,0,0,0,0,0,0,0,0,0,0,447,2559,110,1230,569,青衣長發邨亮發樓地下101室,,Y
T01,大嶼山,0,0,0,0,0,0,0,0,0,0,0,0,0,0,0,0,0,0,0,0,0,0,32,45,41,15,400,82,30,99,0,0,0,0,0,0,0,0,0,0,0,0,66,294,26,188,62,梅窩銀鑛灣路8號銀景中心16座地下門口,,
T02,滿逸,0,0,0,0,0,0,0,0,0,0,0,0,0,0,0,0,0,0,0,0,0,0,126,140,154,26,606,375,116,407,0,0,0,0,0,0,0,0,0,0,0,0,84,897,22,493,300,東涌逸東邨福逸樓對出空地（天橋附近）,,
T04,東涌南,0,0,0,0,0,0,0,0,0,0,0,0,0,0,0,0,0,0,0,0,0,0,243,209,213,30,570,289,75,219,0,0,0,0,0,0,0,0,0,0,0,0,150,869,32,385,196,東涌迎東邨迎福樓地下1號,,Y
T05,東涌中,0,0,0,0,0,0,0,0,0,0,0,0,0,0,0,0,0,0,0,0,0,0,208,356,400,44,997,572,234,541,0,0,0,0,0,0,0,0,0,0,0,0,191,1559,59,800,454,東涌市中心巴士總站,,
T08,坪洲及喜靈洲,0,0,0,0,0,0,0,0,0,0,0,0,0,0,0,0,0,0,0,0,0,0,58,104,82,11,442,165,50,215,0,0,0,0,0,0,0,0,0,0,0,0,72,463,30,306,130,坪洲健康街4號地下(坪洲健康院對面),永安街3A地下,
T09,南丫及蒲台,0,0,0,0,0,0,0,0,0,0,0,0,0,0,0,0,0,0,0,0,0,0,25,31,31,13,394,66,14,42,0,0,0,0,0,0,0,0,0,0,0,0,69,173,13,183,33,南丫島榕樹灣大街38號地下,,
T10,長洲,0,0,0,0,0,0,0,0,0,0,0,0,0,0,0,0,0,0,0,0,0,0,51,68,69,11,433,153,52,518,0,0,0,0,0,0,0,0,0,0,0,0,63,555,14,254,258,長洲天后廟（喜樂小店對上）,,
N02,粉嶺市,0,0,0,0,0,0,0,0,0,0,0,0,0,0,0,0,0,0,0,0,0,0,0,0,0,0,0,0,0,0,665,801,2,11,263,313,568,149,960,1025,1854,646,359,3228,83,1576,1019,粉嶺站B出口(往蓬瀛仙館天橋),粉嶺祥華邨祥和樓地下102號,Y (2 only)
N05,華明,0,0,0,0,0,0,0,0,0,0,0,0,0,0,0,0,0,0,0,0,0,0,0,0,0,0,0,0,0,0,402,644,7,5,630,272,491,108,824,813,1423,436,399,2789,62,1326,792,華明村巴士總站,,
N12,彩園,0,0,0,0,0,0,0,0,0,0,0,0,0,0,0,0,0,0,0,0,0,0,0,0,0,0,0,0,0,0,560,317,2,8,91,134,242,60,414,437,443,270,228,1403,38,627,393,上水彩園邨彩華樓333室,,
N13,石湖墟,0,0,0,0,0,0,0,0,0,0,0,0,0,0,0,0,0,0,0,0,0,0,0,0,0,0,0,0,0,0,1104,555,9,3,156,261,443,115,763,797,705,541,422,2487,59,1094,691,上水站B出口(往上水中心天橋),上水石湖墟新康街12號閣樓,
N14,天平西,0,0,0,0,0,0,0,0,0,0,0,0,0,0,0,0,0,0,0,0,0,0,0,0,0,0,0,0,0,0,341,250,4,4,60,95,183,61,340,275,300,185,115,1132,25,449,267,上水天平邨天賀樓地下105室,,Y
P01,大埔墟,0,0,0,0,0,0,0,0,0,0,0,0,0,0,0,0,0,0,0,0,0,0,0,0,0,0,0,0,0,0,538,898,12,19,349,410,726,236,1127,1024,313,902,461,2947,87,1648,882,大埔普益街33號地下,,
P02,頌汀,0,0,0,0,0,0,0,0,0,0,0,0,0,0,0,0,0,0,0,0,0,0,0,0,0,0,0,0,0,0,304,445,15,3,231,179,487,141,605,567,173,481,230,1554,41,863,465,大埔翠屏商場L2，28-70鋪,,
P07,富明新,0,0,0,0,0,0,0,0,0,0,0,0,0,0,0,0,0,0,0,0,0,0,0,0,0,0,0,0,0,0,813,1297,21,17,697,419,968,253,1488,1217,386,1015,663,3693,129,1883,894,大埔廣場馬會投注站對出空地,,
P15,太和,0,0,0,0,0,0,0,0,0,0,0,0,0,0,0,0,0,0,0,0,0,0,0,0,0,0,0,0,0,0,545,879,19,10,558,349,718,242,1182,962,310,752,467,3039,90,1418,767,太和邨麗和樓地下122A室,,
Q01,西貢市中心,0,0,0,0,0,0,0,0,0,0,0,0,0,0,0,0,0,0,0,0,0,0,0,0,0,0,0,0,0,0,292,631,11,13,185,268,367,128,648,495,111,339,223,1611,65,864,343,西貢市場街9號地下,,
Q07,健明,0,0,0,0,0,0,0,0,0,0,0,0,0,0,0,0,0,0,0,0,0,0,0,0,0,0,0,0,0,0,352,692,16,6,354,275,498,140,834,769,202,728,285,2236,55,1071,744,將軍澳健明邨明月樓地下一號,,
Q11,寶怡,0,0,0,0,0,0,0,0,0,0,0,0,0,0,0,0,0,0,0,0,0,0,0,0,0,0,0,0,0,0,140,458,57,5,194,166,262,73,513,345,73,220,167,923,46,563,226,將軍澳怡明邨怡茵樓地下A翼,,
Q12,富君,0,0,0,0,0,0,0,0,0,0,0,0,0,0,0,0,0,0,0,0,0,0,0,0,0,0,0,0,0,0,426,1048,272,6,478,312,597,195,1214,926,228,786,498,2679,108,1547,761,將軍澳富康花園4座地下,,
Q15,廣明,0,0,0,0,0,0,0,0,0,0,0,0,0,0,0,0,0,0,0,0,0,0,0,0,0,0,0,0,0,0,242,553,599,4,262,216,473,125,659,758,231,606,334,2181,65,1021,710,將軍澳廣明苑廣瑞閣地下B01室,,
Q19,欣英,0,0,0,0,0,0,0,0,0,0,0,0,0,0,0,0,0,0,0,0,0,0,0,0,0,0,0,0,0,0,278,596,16,6,615,236,424,214,691,516,121,451,290,2092,67,907,421,將軍澳寶林邨寶寧樓3樓323A室,,
Q21,運亨,0,0,0,0,0,0,0,0,0,0,0,0,0,0,0,0,0,0,0,0,0,0,0,0,0,0,0,0,0,0,253,515,9,11,713,242,386,166,682,613,168,412,270,1907,57,964,496,將軍澳毓雅里9號慧安商場1樓B170室,,
Q22,景林,0,0,0,0,0,0,0,0,0,0,0,0,0,0,0,0,0,0,0,0,0,0,0,0,0,0,0,0,0,0,214,382,7,5,269,152,290,143,467,370,114,361,186,1292,38,614,407,將軍澳景林邨景櫚樓地下2A室,,
Q25,德明,0,0,0,0,0,0,0,0,0,0,0,0,0,0,0,0,0,0,0,0,0,0,0,0,0,0,0,0,0,0,331,804,65,10,275,253,484,256,973,921,193,599,275,2327,70,1136,712,將軍澳明德商場地下G21,,Y
Q27,軍寶,0,0,0,0,0,0,0,0,0,0,0,0,0,0,0,0,0,0,0,0,0,0,0,0,0,0,0,0,0,0,220,580,27,4,179,206,339,145,573,430,106,298,198,1314,61,667,338,坑口村33號地下,,
R01,沙田市中心,0,0,0,0,0,0,0,0,0,0,0,0,0,0,0,0,0,0,0,0,0,0,0,0,0,0,0,0,0,0,174,347,4,4,73,115,193,92,383,407,80,191,139,790,35,529,276,正街蔚景園地下停車場內業主立案法團會議室,,Y
R02,瀝源,0,0,0,0,0,0,0,0,0,0,0,0,0,0,0,0,0,0,0,0,0,0,0,0,0,0,0,0,0,0,160,256,3,6,79,189,278,60,272,355,66,178,133,861,39,464,225,新界沙田瀝源邨福海樓地下11號,,
R03,禾輋邨,0,0,0,0,0,0,0,0,0,0,0,0,0,0,0,0,0,0,0,0,0,0,0,0,0,0,0,0,0,0,150,282,1,4,65,144,236,65,235,552,59,189,177,945,23,390,239,禾輋邨順和樓平台204室,,
R04,第一城,0,0,0,0,0,0,0,0,0,0,0,0,0,0,0,0,0,0,0,0,0,0,0,0,0,0,0,0,0,0,228,856,3,12,154,194,324,101,587,532,82,218,288,1375,100,767,283,沙田第一城23座地下F2舖（只在12/7開放）,,
R06,王屋,0,0,0,0,0,0,0,0,0,0,0,0,0,0,0,0,0,0,0,0,0,0,0,0,0,0,0,0,0,0,142,323,5,3,76,112,197,62,310,371,66,124,140,808,31,460,185,沙田全輝中心地下5號鋪,,
R07,沙角,0,0,0,0,0,0,0,0,0,0,0,0,0,0,0,0,0,0,0,0,0,0,0,0,0,0,0,0,0,0,101,239,4,4,88,120,159,36,196,498,65,159,126,812,16,367,192,新界沙田沙角邨金鶯樓地下58-60號,,
R08,博康,0,0,0,0,0,0,0,0,0,0,0,0,0,0,0,0,0,0,0,0,0,0,0,0,0,0,0,0,0,0,95,304,2,2,66,113,158,23,207,691,42,135,142,840,18,358,188,博康邨博逸樓地下1號,,
R09,水泉澳,0,0,0,0,0,0,0,0,0,0,0,0,0,0,0,0,0,0,0,0,0,0,0,0,0,0,0,0,0,0,91,163,1,0,37,66,102,31,119,372,33,117,63,568,9,197,149,沙田水泉澳邨修泉樓地下,沙田水泉澳邨月泉樓2樓,
R10,乙泉,0,0,0,0,0,0,0,0,0,0,0,0,0,0,0,0,0,0,0,0,0,0,0,0,0,0,0,0,0,0,51,138,2,0,44,60,96,23,147,244,35,89,33,409,7,173,106,乙明邨明耀樓1樓107舖,,Y
R12,新田圍,0,0,0,0,0,0,0,0,0,0,0,0,0,0,0,0,0,0,0,0,0,0,0,0,0,0,0,0,0,0,59,102,1,1,23,47,77,20,139,136,22,102,34,324,5,188,85,新田圍邨富圍樓地下108室,,Y
R13/R18,翠田/田心,0,0,0,0,0,0,0,0,0,0,0,0,0,0,0,0,0,0,0,0,0,0,0,0,0,0,0,0,0,0,243,486,8,5,190,167,328,83,508,465,91,318,203,1327,39,657,284,沙田隆亨邨榮心樓102室（隆亨房署對面）,,
R14,顯嘉,0,0,0,0,0,0,0,0,0,0,0,0,0,0,0,0,0,0,0,0,0,0,0,0,0,0,0,0,0,0,140,271,8,6,84,117,196,49,291,725,54,148,152,1039,26,506,186,顯徑邨顯祐樓地下8號,,
R15/R21,下城門/松田,0,0,0,0,0,0,0,0,0,0,0,0,0,0,0,0,0,0,0,0,0,0,0,0,0,0,0,0,0,0,142,200,0,0,47,90,125,25,212,317,65,244,75,710,11,340,168,美田邨美庭樓地下一號,,
R17,徑口,0,0,0,0,0,0,0,0,0,0,0,0,0,0,0,0,0,0,0,0,0,0,0,0,0,0,0,0,0,0,176,308,111,2,92,127,173,47,328,406,48,174,177,912,31,448,214,沙田大圍顯徑邨顯慶樓地下4室,,
R19,翠嘉,0,0,0,0,0,0,0,0,0,0,0,0,0,0,0,0,0,0,0,0,0,0,0,0,0,0,0,0,0,0,330,531,15,7,287,246,376,102,641,601,121,406,330,1646,51,876,393,沙田新翠邨新明樓地下129室,,
R20,大圍,0,0,0,0,0,0,0,0,0,0,0,0,0,0,0,0,0,0,0,0,0,0,0,0,0,0,0,0,0,0,664,499,7,4,171,213,298,83,536,529,120,487,385,1607,51,789,366,大圍美林邨美楓樓B152號地下,,
R22/R23,穗禾/火炭,0,0,0,0,0,0,0,0,0,0,0,0,0,0,0,0,0,0,0,0,0,0,0,0,0,0,0,0,0,0,303,753,4,5,169,175,285,100,550,449,85,240,291,1231,111,789,238,火炭坳背灣街57-59號利達工業中心地下3號舖,,
R25,海嵐,0,0,0,0,0,0,0,0,0,0,0,0,0,0,0,0,0,0,0,0,0,0,0,0,0,0,0,0,0,0,122,272,4,7,72,79,148,34,190,201,38,128,95,553,30,279,132,馬鞍山欣安邨欣喜樓地下DB01室,,
R26,頌安,0,0,0,0,0,0,0,0,0,0,0,0,0,0,0,0,0,0,0,0,0,0,0,0,0,0,0,0,0,0,305,533,14,7,143,200,466,141,552,535,120,369,247,1534,37,826,384,新界馬鞍山頌安邨頌智樓地下DB01室,,
R28,馬鞍山市中心,0,0,0,0,0,0,0,0,0,0,0,0,0,0,0,0,0,0,0,0,0,0,0,0,0,0,0,0,0,0,456,915,18,5,236,293,702,267,947,816,157,489,403,2260,55,1227,462,馬鞍山鞍祿街公園對出空地(近新港城3期),,
R29,烏溪沙,0,0,0,0,0,0,0,0,0,0,0,0,0,0,0,0,0,0,0,0,0,0,0,0,0,0,0,0,0,0,118,297,4,2,74,76,217,51,327,237,65,115,104,589,17,370,136,馬鞍山烏溪沙村一巷38號地下,,
R31,富龍,0,0,0,0,0,0,0,0,0,0,0,0,0,0,0,0,0,0,0,0,0,0,0,0,0,0,0,0,0,0,379,533,5,4,116,174,477,130,452,482,100,286,289,1539,31,751,315,錦泰商場地下15號,,
R32,錦英,0,0,0,0,0,0,0,0,0,0,0,0,0,0,0,0,0,0,0,0,0,0,0,0,0,0,0,0,0,0,166,324,9,3,141,107,273,101,440,309,71,213,159,883,27,496,214,沙田馬鞍山富寶花園商場平台R1號舖,,
R34,恆安,0,0,0,0,0,0,0,0,0,0,0,0,0,0,0,0,0,0,0,0,0,0,0,0,0,0,0,0,0,0,105,182,9,3,34,82,142,67,223,234,42,135,42,570,11,270,150,富輝花園商場一樓72A號,,
R35,大水坑,0,0,0,0,0,0,0,0,0,0,0,0,0,0,0,0,0,0,0,0,0,0,0,0,0,0,0,0,0,0,146,357,4,7,76,100,192,54,302,273,66,165,122,674,21,402,154,馬鞍山恆安邨恆星樓地下7號,,Y
R36,鞍泰,0,0,0,0,0,0,0,0,0,0,0,0,0,0,0,0,0,0,0,0,0,0,0,0,0,0,0,0,0,0,194,536,6,2,115,156,380,109,408,351,59,233,193,1125,33,590,231,馬鞍山富安花園商場富安廊地下18B27號舖,,
R37,愉欣,0,0,0,0,0,0,0,0,0,0,0,0,0,0,0,0,0,0,0,0,0,0,0,0,0,0,0,0,0,0,213,557,2,4,146,205,307,93,470,509,53,192,213,1178,54,688,235,沙田圓洲角源順圍2號冠華大廈地下A13舖,,
R39,碧湖,0,0,0,0,0,0,0,0,0,0,0,0,0,0,0,0,0,0,0,0,0,0,0,0,0,0,0,0,0,0,167,489,3,10,117,146,241,66,470,430,82,231,165,1089,48,623,230,沙田石門安群街3號京瑞廣場第一期地下G10號舖,,
R40/R41,廣康/廣源,0,0,0,0,0,0,0,0,0,0,0,0,0,0,0,0,0,0,0,0,0,0,0,0,0,0,0,0,0,0,324,813,4,15,155,244,429,145,703,790,120,337,272,1844,57,936,402,沙田廣源商場759後,,
FC_E,衛生服務界,150,49,26,41,126,12,100,15,7,61,177,2,46,153,45,8,27,134,2,41,231,82,29,48,36,27,213,87,63,143,48,92,5,2,35,29,45,29,154,139,29,68,0,0,0,0,0,N/A,,
P_HKI,港島實體票,832,201,136,174,215,39,142,0,0,0,0,0,0,0,0,0,0,0,0,0,0,0,0,0,0,0,0,0,0,0,0,0,0,0,0,0,0,0,0,0,0,0,351,700,56,406,62,N/A,,
P_KLW,九西實體票,0,0,0,0,0,0,0,953,858,507,1526,60,328,672,178,68,0,0,0,0,0,0,0,0,0,0,0,0,0,0,0,0,0,0,0,0,0,0,0,0,0,0,1569,2049,67,990,156,N/A,,
P_KLE,九東實體票,0,0,0,0,0,0,0,0,0,0,0,0,0,0,0,0,989,1183,30,676,1351,347,0,0,0,0,0,0,0,0,0,0,0,0,0,0,0,0,0,0,0,0,897,2365,62,892,201,N/A,,
P_NTW,新西實體票,0,0,0,0,0,0,0,0,0,0,0,0,0,0,0,0,0,0,0,0,0,0,780,527,414,134,1422,574,276,555,0,0,0,0,0,0,0,0,0,0,0,0,535,2356,56,1055,419,N/A,,
P_NTE,新東實體票,0,0,0,0,0,0,0,0,0,0,0,0,0,0,0,0,0,0,0,0,0,0,0,0,0,0,0,0,0,0,1303,1063,53,18,392,348,535,111,546,491,223,250,1043,2585,78,1072,257,N/A,,
