號碼,選區,選民人數,投票率,吳文遠,何志光,毛孟靜,梁美芬,譚國僑,朱韶洪,黃毓民,黃碧雲,林依麗,蔣麗芸,關新偉,劉小麗,游蕙禎,李泳漢,狄志遠,總有效,無效,非建制,建制,其他,得票率差,吳文遠%,何志光%,毛孟靜%,梁美芬%,譚國僑%,朱韶洪%,黃毓民%,黃碧雲%,林依麗%,蔣麗芸%,關新偉%,劉小麗%,游蕙禎%,李泳漢%,狄志遠%
E01*,尖沙咀西,4601,66.50%,38.2720484526674,1.42437567410603,419.576785862441,522.672529660665,35.037003235709,5.56583423214138,112.825935451755,367.560441383888,3.96191819464034,733.200365054343,14.5658342321414,362.341740645482,140.354766448187,7.42437567410603,264.393926823198,3029.17788102547,30.2916286401726,49.33%,41.94%,8.73%,7.39%,1.26%,0.05%,13.85%,17.25%,1.16%,0.18%,3.72%,12.13%,0.13%,24.20%,0.48%,11.96%,4.63%,0.25%,8.73%
E02*^,佐敦南,6162,47.85%,73.8173250027871,7.3328468545815,390.107452663736,355.088717120961,35.1976649019912,9.777129139442,204.341999014338,268.871051334655,16.6211195370514,878.5755682705,10.7602641551807,351.48779256294,178.921463251789,7.3328468545815,119.142242933592,2907.37548359813,41.4070677298093,53.10%,42.80%,4.10%,10.30%,2.54%,0.25%,13.42%,12.21%,1.21%,0.34%,7.03%,9.25%,0.57%,30.22%,0.37%,12.09%,6.15%,0.25%,4.10%
E03*,佐敦西,6884,50.75%,87.3355407826175,11.8526805347838,395.505234686996,282.472891633963,50.5298485956573,11.8526805347838,264.50192351307,344.975386091339,12.4765058260882,1096.4667000084,15.0739594143414,484.088426052223,216.467376082631,11.2288552434794,126.453731213861,3411.28174021423,82.5005574136009,55.43%,40.86%,3.71%,14.56%,2.56%,0.35%,11.59%,8.28%,1.48%,0.35%,7.75%,10.11%,0.37%,32.14%,0.44%,14.19%,6.35%,0.33%,3.71%
E04,油麻地南,7843,56.45%,105,15,493,433,150,10,352,372,24,1145,14,658,286,15,229,4301,126,57.66%,37.01%,5.32%,20.65%,2.44%,0.35%,11.46%,10.07%,3.49%,0.23%,8.18%,8.65%,0.56%,26.62%,0.33%,15.30%,6.65%,0.35%,5.32%
E05*,富榮,9876,61.91%,128.250276691507,6.55825278536118,908.682358149487,612.103593300376,88.9007599793404,12.3878108167933,384.750830074522,734.524311960452,10.2017265550063,1322.58097838117,13.1165055707224,968.435327971667,404.425588430606,16.7599793403674,424.829041540618,6036.507341548,77.2416439164761,60.70%,32.27%,7.04%,28.43%,2.12%,0.11%,15.05%,10.14%,1.47%,0.21%,6.37%,12.17%,0.17%,21.91%,0.22%,16.04%,6.70%,0.28%,7.04%
E06,旺角西,5915,45.27%,79,5,335,401,46,10,280,219,9,469,7,386,221,47,116,2630,48,62.24%,33.35%,4.41%,28.90%,3.00%,0.19%,12.74%,15.25%,1.75%,0.38%,10.65%,8.33%,0.34%,17.83%,0.27%,14.68%,8.40%,1.79%,4.41%
E07*,富柏,9411,57.49%,116.749723308493,11.4417472146388,770.317641850513,1111.89640669962,79.0992400206596,14.6121891832067,400.249169925478,468.475688039548,12.7982734449937,945.41902161883,14.8834944292777,666.564672028333,405.574411569394,19.2400206596326,250.170958459382,5287.492658452,122.758356083524,56.08%,39.19%,4.73%,16.89%,2.21%,0.22%,14.57%,21.03%,1.50%,0.28%,7.57%,8.86%,0.24%,17.88%,0.28%,12.61%,7.67%,0.36%,4.73%
E08,奧運,5475,69.99%,60,2,593,659,46,5,171,565,7,524,22,553,230,9,348,3794,38,59.07%,31.76%,9.17%,27.31%,1.58%,0.05%,15.63%,17.37%,1.21%,0.13%,4.51%,14.89%,0.18%,13.81%,0.58%,14.58%,6.06%,0.24%,9.17%
E09,櫻桃,5514,58.69%,66,4,353,898,40,2,194,329,8,418,16,392,299,12,161,3192,44,53.23%,41.73%,5.04%,11.50%,2.07%,0.13%,11.06%,28.13%,1.25%,0.06%,6.08%,10.31%,0.25%,13.10%,0.50%,12.28%,9.37%,0.38%,5.04%
E10,大角咀南,6578,56.95%,103,4,410,422,57,10,300,329,9,975,13,523,381,8,133,3677,69,58.04%,38.35%,3.62%,19.69%,2.80%,0.11%,11.15%,11.48%,1.55%,0.27%,8.16%,8.95%,0.24%,26.52%,0.35%,14.22%,10.36%,0.22%,3.62%
E11,大角咀北,7748,62.83%,108,7,474,674,58,11,327,404,7,1338,17,687,399,22,255,4788,80,52.30%,42.38%,5.33%,9.92%,2.26%,0.15%,9.90%,14.08%,1.21%,0.23%,6.83%,8.44%,0.15%,27.94%,0.36%,14.35%,8.33%,0.46%,5.33%
E12,大南,7565,54.10%,125,8,470,778,71,14,371,515,5,606,11,546,356,14,140,4030,63,61.91%,34.62%,3.47%,27.30%,3.10%,0.20%,11.66%,19.31%,1.76%,0.35%,9.21%,12.78%,0.12%,15.04%,0.27%,13.55%,8.83%,0.35%,3.47%
E13,旺角北,6369,51.39%,84,4,357,727,44,6,281,331,15,529,13,432,269,19,106,3217,56,57.26%,39.45%,3.29%,17.81%,2.61%,0.12%,11.10%,22.60%,1.37%,0.19%,8.73%,10.29%,0.47%,16.44%,0.40%,13.43%,8.36%,0.59%,3.29%
E14,旺角東,6165,58.04%,79,4,463,755,50,15,253,517,4,475,14,477,266,11,159,3542,36,60.39%,35.12%,4.49%,25.27%,2.23%,0.11%,13.07%,21.32%,1.41%,0.42%,7.14%,14.60%,0.11%,13.41%,0.40%,13.47%,7.51%,0.31%,4.49%
E15,旺角南,5561,51.03%,65,5,309,530,45,9,281,328,9,471,9,395,207,9,121,2793,45,59.51%,36.16%,4.33%,23.34%,2.33%,0.18%,11.06%,18.98%,1.61%,0.32%,10.06%,11.74%,0.32%,16.86%,0.32%,14.14%,7.41%,0.32%,4.33%
E16,油麻地北,5326,55.03%,75,7,353,445,195,5,236,266,6,466,9,494,205,8,111,2881,50,64.21%,31.93%,3.85%,32.28%,2.60%,0.24%,12.25%,15.45%,6.77%,0.17%,8.19%,9.23%,0.21%,16.17%,0.31%,17.15%,7.12%,0.28%,3.85%
E17,尖東及京士柏,3611,63.56%,37,1,308,390,42,8,106,248,2,433,10,322,148,2,214,2271,24,53.90%,36.68%,9.42%,17.22%,1.63%,0.04%,13.56%,17.17%,1.85%,0.35%,4.67%,10.92%,0.09%,19.07%,0.44%,14.18%,6.52%,0.09%,9.42%
E18*,尖沙咀中,5551,48.02%,72.9106265445455,7.24277747131247,385.315761473823,286.238753218374,34.7653318622998,9.65703662841662,201.832065533907,265.568507281457,16.4169622683083,708.224066675157,8.67390161267792,347.170466791578,176.723770300024,7.24277747131247,100.46383024321,2628.4466353764,37.3013036300181,58.01%,38.16%,3.82%,19.85%,2.77%,0.28%,14.66%,10.89%,1.32%,0.37%,7.68%,10.10%,0.62%,26.94%,0.33%,13.21%,6.72%,0.28%,3.82%
E19*,佐敦北,3880,51.17%,52.6644592173825,7.1473194652162,238.494765313004,148.527108366037,30.4701514043427,7.1473194652162,159.49807648693,208.024613908661,7.52349417391178,576.533299991601,7.92604058565859,291.911573947777,130.532623917369,6.77114475652061,65.546268786139,1938.71825978577,46.4994425863991,58.81%,37.81%,3.38%,21.00%,2.72%,0.37%,12.30%,7.66%,1.57%,0.37%,8.23%,10.73%,0.39%,29.74%,0.41%,15.06%,6.73%,0.35%,3.38%
F01,寶麗,7637,57.64%,125,4,463,681,375,15,387,321,10,783,17,562,373,17,193,4326,76,61.30%,34.23%,4.46%,27.07%,2.89%,0.09%,10.70%,15.74%,8.67%,0.35%,8.95%,7.42%,0.23%,18.10%,0.39%,12.99%,8.62%,0.39%,4.46%
F02,長沙灣,6825,62.90%,130,3,541,655,228,16,429,357,9,620,14,653,351,21,200,4227,66,64.77%,30.49%,4.73%,34.28%,3.08%,0.07%,12.80%,15.50%,5.39%,0.38%,10.15%,8.45%,0.21%,14.67%,0.33%,15.45%,8.30%,0.50%,4.73%
F03,南昌北,5878,53.69%,113,5,310,328,148,12,299,212,6,844,8,410,285,10,108,3098,58,58.42%,38.09%,3.49%,20.34%,3.65%,0.16%,10.01%,10.59%,4.78%,0.39%,9.65%,6.84%,0.19%,27.24%,0.26%,13.23%,9.20%,0.32%,3.49%
F04,石硤尾,10493,55.44%,225,8,343,2104,758,14,425,268,10,428,12,626,286,19,150,5676,141,52.54%,44.82%,2.64%,7.72%,3.96%,0.14%,6.04%,37.07%,13.35%,0.25%,7.49%,4.72%,0.18%,7.54%,0.21%,11.03%,5.04%,0.33%,2.64%
F05,南昌東,6449,56.18%,101,6,365,386,409,14,299,253,11,775,12,483,318,14,102,3548,75,64.06%,33.06%,2.87%,31.00%,2.85%,0.17%,10.29%,10.88%,11.53%,0.39%,8.43%,7.13%,0.31%,21.84%,0.34%,13.61%,8.96%,0.39%,2.87%
F06,南昌南,6452,52.67%,91,8,387,433,135,9,313,328,9,667,14,485,297,7,151,3334,64,62.06%,33.41%,4.53%,28.64%,2.73%,0.24%,11.61%,12.99%,4.05%,0.27%,9.39%,9.84%,0.27%,20.01%,0.42%,14.55%,8.91%,0.21%,4.53%
F07,南昌中,4991,49.99%,84,9,230,236,86,5,179,176,10,817,13,301,197,14,66,2423,72,53.28%,44.00%,2.72%,9.29%,3.47%,0.37%,9.49%,9.74%,3.55%,0.21%,7.39%,7.26%,0.41%,33.72%,0.54%,12.42%,8.13%,0.58%,2.72%
F08,南昌西,7727,51.03%,128,6,394,539,509,8,310,275,11,708,14,528,308,8,128,3874,69,64.15%,32.55%,3.30%,31.60%,3.30%,0.15%,10.17%,13.91%,13.14%,0.21%,8.00%,7.10%,0.28%,18.28%,0.36%,13.63%,7.95%,0.21%,3.30%
F09,富昌,11256,54.84%,129,5,355,2206,810,15,542,199,7,399,17,609,579,8,165,6045,128,53.90%,43.37%,2.73%,10.52%,2.13%,0.08%,5.87%,36.49%,13.40%,0.25%,8.97%,3.29%,0.12%,6.60%,0.28%,10.07%,9.58%,0.13%,2.73%
F10,麗閣,9110,55.78%,102,8,478,567,602,13,395,342,14,1159,13,710,314,23,204,4944,138,60.70%,35.17%,4.13%,25.53%,2.06%,0.16%,9.67%,11.47%,12.18%,0.26%,7.99%,6.92%,0.28%,23.44%,0.26%,14.36%,6.35%,0.47%,4.13%
F11*,幸福,7701,58.62%,102,10.9066666666667,347.106666666667,379.453333333333,734.733333333333,9.49333333333333,304.026666666667,259.066666666667,12.9066666666667,1266.04,24.9333333333333,474.426666666667,332.653333333333,25.64,126.506666666667,4409.89333333333,104.786666666667,59.25%,37.88%,2.87%,21.37%,2.31%,0.25%,7.87%,8.60%,16.66%,0.22%,6.89%,5.87%,0.29%,28.71%,0.57%,10.76%,7.54%,0.58%,2.87%
F12*,荔枝角南,9152,60.76%,128,11.0933333333333,407.893333333333,485.546666666667,1284.26666666667,14.5066666666667,389.973333333333,302.933333333333,11.0933333333333,1128.96,17.0666666666667,671.573333333333,434.346666666667,15.36,177.493333333333,5480.10666666667,80.2133333333333,66.99%,29.77%,3.24%,37.22%,2.34%,0.20%,7.44%,8.86%,23.44%,0.26%,7.12%,5.53%,0.20%,20.60%,0.31%,12.25%,7.93%,0.28%,3.24%
F13,美孚南,8732,67.95%,123,6,1001,841,65,9,289,595,11,1290,31,855,342,3,415,5876,57,56.14%,36.79%,7.06%,19.35%,2.09%,0.10%,17.04%,14.31%,1.11%,0.15%,4.92%,10.13%,0.19%,21.95%,0.53%,14.55%,5.82%,0.05%,7.06%
F14,美孚中,7442,66.80%,106,2,911,743,55,9,300,510,11,858,16,778,300,14,291,4904,67,61.09%,32.97%,5.93%,28.12%,2.16%,0.04%,18.58%,15.15%,1.12%,0.18%,6.12%,10.40%,0.22%,17.50%,0.33%,15.86%,6.12%,0.29%,5.93%
F15,美孚北,8175,67.52%,117,7,1000,846,72,8,351,559,12,955,18,863,307,12,350,5477,43,60.40%,33.21%,6.39%,27.19%,2.14%,0.13%,18.26%,15.45%,1.31%,0.15%,6.41%,10.21%,0.22%,17.44%,0.33%,15.76%,5.61%,0.22%,6.39%
F16,荔枝角中,7565,77.11%,85,6,807,1035,101,9,317,1034,7,665,22,945,318,5,435,5791,42,62.75%,29.74%,7.51%,33.02%,1.47%,0.10%,13.94%,17.87%,1.74%,0.16%,5.47%,17.86%,0.12%,11.48%,0.38%,16.32%,5.49%,0.09%,7.51%
F17,荔枝角北,4585,60.04%,95,3,291,455,222,7,204,213,7,459,6,412,224,3,114,2715,38,61.92%,33.89%,4.20%,28.03%,3.50%,0.11%,10.72%,16.76%,8.18%,0.26%,7.51%,7.85%,0.26%,16.91%,0.22%,15.17%,8.25%,0.11%,4.20%
F18,元州及蘇屋,10426,55.54%,154,7,424,348,502,14,522,388,12,2061,17,664,355,31,135,5634,157,54.54%,43.06%,2.40%,11.48%,2.73%,0.12%,7.53%,6.18%,8.91%,0.25%,9.27%,6.89%,0.21%,36.58%,0.30%,11.79%,6.30%,0.55%,2.40%
F19,李鄭屋,9266,54.95%,146,4,528,1217,710,13,398,290,18,481,16,689,327,23,125,4985,107,63.11%,34.38%,2.51%,28.73%,2.93%,0.08%,10.59%,24.41%,14.24%,0.26%,7.98%,5.82%,0.36%,9.65%,0.32%,13.82%,6.56%,0.46%,2.51%
F20,下白田,7898,51.56%,168,7,320,802,362,12,350,215,17,483,14,613,307,18,245,3933,139,60.74%,33.03%,6.23%,27.71%,4.27%,0.18%,8.14%,20.39%,9.20%,0.31%,8.90%,5.47%,0.43%,12.28%,0.36%,15.59%,7.81%,0.46%,6.23%
F21,又一村,5918,67.37%,80,4,576,670,126,4,181,433,8,628,15,660,205,7,351,3948,39,57.85%,33.26%,8.89%,24.59%,2.03%,0.10%,14.59%,16.97%,3.19%,0.10%,4.58%,10.97%,0.20%,15.91%,0.38%,16.72%,5.19%,0.18%,8.89%
F22,南山、大坑東及大坑西,9000,56.24%,83,2,296,1086,1702,12,325,160,6,382,10,482,240,9,134,4929,133,67.30%,29.99%,2.72%,37.31%,1.68%,0.04%,6.01%,22.03%,34.53%,0.24%,6.59%,3.25%,0.12%,7.75%,0.20%,9.78%,4.87%,0.18%,2.72%
F23,龍坪及上白田,8401,58.17%,108,9,496,1050,701,8,305,311,6,573,15,619,306,11,267,4785,102,60.19%,34.23%,5.58%,25.96%,2.26%,0.19%,10.37%,21.94%,14.65%,0.17%,6.37%,6.50%,0.13%,11.97%,0.31%,12.94%,6.39%,0.23%,5.58%
G01*,馬頭圍,10104,58.51%,168.016316750342,5.58865814696486,659.597215883158,666.729689639434,365.736649931538,13.7568461889548,451.321428571429,488.485737106344,12.7568461889548,1520.14742126883,11.7568461889548,829.072455499772,382.423779096303,16.0091282519398,200.789479689639,5792.18849840256,119.493496120493,58.57%,37.96%,3.47%,20.62%,2.90%,0.10%,11.39%,11.51%,6.31%,0.24%,7.79%,8.43%,0.22%,26.24%,0.20%,14.31%,6.60%,0.28%,3.47%
G02*,馬坑涌,7798,56.14%,129.116816788827,5.06698618552125,531.865624735096,475.736341637844,114.238733077359,14.7435785113779,381.47643298042,440.262377380925,8.21478205690575,831.349272941625,6.83546178862095,661.248442131361,403.660558243901,15.4729787494832,264.692387917981,4283.98077512725,93.536874108691,63.15%,30.67%,6.18%,32.48%,3.01%,0.12%,12.42%,11.11%,2.67%,0.34%,8.90%,10.28%,0.19%,19.41%,0.16%,15.44%,9.42%,0.36%,6.18%
G03*,馬頭角,6524,55.98%,105.817250213493,1.98407344150299,393.507899231426,574.058582408198,91.9287361229718,7.93629376601196,279.754355251922,325.38804440649,7.93629376601196,814.13146883006,9.25900939368062,518.504526046115,290.997438087105,10.5817250213493,148.14415029889,3579.92984628523,72.0880017079419,56.83%,39.04%,4.14%,17.79%,2.96%,0.06%,10.99%,16.04%,2.57%,0.22%,7.81%,9.09%,0.22%,22.74%,0.26%,14.48%,8.13%,0.30%,4.14%
G04*,樂民,8027,58.98%,119.983683249658,6.41134185303514,518.402784116842,1380.27031036057,84.2633500684619,8.24315381104518,286.678571428571,484.514262893656,8.24315381104518,578.852578731173,8.24315381104518,588.927544500228,309.576220903697,10.9908717480602,248.210520310361,4641.81150159745,92.5065038795071,52.27%,42.38%,5.35%,9.89%,2.58%,0.14%,11.17%,29.74%,1.82%,0.18%,6.18%,10.44%,0.18%,12.47%,0.18%,12.69%,6.67%,0.24%,5.35%
G05,常樂,10073,55.83%,112,9,421,352,1246,12,402,309,12,1461,10,649,358,27,123,5503,121,64.64%,33.13%,2.24%,31.51%,2.04%,0.16%,7.65%,6.40%,22.64%,0.22%,7.31%,5.62%,0.22%,26.55%,0.18%,11.79%,6.51%,0.49%,2.24%
G06,何文田,9366,63.51%,102,11,856,1145,95,13,304,726,14,999,21,817,307,11,471,5892,56,55.26%,36.74%,7.99%,18.52%,1.73%,0.19%,14.53%,19.43%,1.61%,0.22%,5.16%,12.32%,0.24%,16.96%,0.36%,13.87%,5.21%,0.19%,7.99%
G07,嘉道理,8174,62.16%,106,4,856,822,124,10,329,563,4,814,34,779,291,10,292,5038,43,61.06%,33.15%,5.80%,27.91%,2.10%,0.08%,16.99%,16.32%,2.46%,0.20%,6.53%,11.18%,0.08%,16.16%,0.67%,15.46%,5.78%,0.20%,5.80%
G08,太子,6567,59.11%,78,5,613,661,61,7,236,431,10,715,10,507,237,12,257,3840,42,57.21%,36.09%,6.69%,21.12%,2.03%,0.13%,15.96%,17.21%,1.59%,0.18%,6.15%,11.22%,0.26%,18.62%,0.26%,13.20%,6.17%,0.31%,6.69%
G09,九龍塘,7465,60.52%,80,3,627,865,53,12,249,474,7,866,26,624,232,15,334,4467,51,53.19%,39.33%,7.48%,13.86%,1.79%,0.07%,14.04%,19.36%,1.19%,0.27%,5.57%,10.61%,0.16%,19.39%,0.58%,13.97%,5.19%,0.34%,7.48%
G10,龍城,6032,48.43%,83,1,356,202,70,7,238,241,8,878,7,450,210,10,93,2854,67,58.65%,38.09%,3.26%,20.57%,2.91%,0.04%,12.47%,7.08%,2.45%,0.25%,8.34%,8.44%,0.28%,30.76%,0.25%,15.77%,7.36%,0.35%,3.26%
G11*,宋皇臺,7460,56.81%,112.399986777297,2.60602955274206,511.764768106839,599.211992991967,227.918581203927,11.6834154242835,360.805989884632,366.000958645995,15.8080394036561,786.188820204291,18.9427126375988,603.491388714423,326.364781329543,10.6834154242835,210.406003107335,4164.27688340881,73.7738587154144,61.22%,33.72%,5.05%,27.50%,2.70%,0.06%,12.29%,14.39%,5.47%,0.28%,8.66%,8.79%,0.38%,18.88%,0.45%,14.49%,7.84%,0.26%,5.05%
G12*,啟德北,7021,54.83%,113.18922386145,4.83194355355998,206.248236048749,1465.23925593329,62.2815907633098,14.20590121873,255.248236048749,355.055163566389,7.66388710711995,532.835150737652,11.28992944195,315.933290570879,319.666452854394,10.8928800513149,82.1661321359846,3756.74727389352,92.6472097498397,44.33%,53.49%,2.19%,-9.16%,3.01%,0.13%,5.49%,39.00%,1.66%,0.38%,6.79%,9.45%,0.20%,14.18%,0.30%,8.41%,8.51%,0.29%,2.19%
G13*,啟德南,6010,55.48%,84.8107761385504,6.16805644644003,192.751763951251,1064.76074406671,44.7184092366902,10.79409878127,192.751763951251,309.944836433611,12.3361128928801,639.164849262348,7.71007055805003,296.066709429121,278.333547145606,13.1071199486851,94.8338678640154,3248.25272610648,86.3527902501604,44.39%,52.69%,2.92%,-8.31%,2.61%,0.19%,5.93%,32.78%,1.38%,0.33%,5.93%,9.54%,0.38%,19.68%,0.24%,9.11%,8.57%,0.40%,2.92%
G14*,海心,7720,61.00%,110.665946220384,4.3429108202337,455.861707926639,762.99308296199,97.9139495957421,12.6367122983267,326.963221883027,377.34861956659,7.04088477342622,1333.33043802403,10.9628161800997,566.755643108101,345.977222339451,13.261880804884,190.757458675794,4616.81249517872,92.6012654679527,50.22%,45.64%,4.13%,4.58%,2.40%,0.09%,9.87%,16.53%,2.12%,0.27%,7.08%,8.17%,0.15%,28.88%,0.24%,12.28%,7.49%,0.29%,4.13%
G15,土瓜灣北,5342,51.18%,61,9,236,357,25,7,209,176,9,946,6,293,177,9,94,2614,120,46.33%,50.08%,3.60%,-3.75%,2.33%,0.34%,9.03%,13.66%,0.96%,0.27%,8.00%,6.73%,0.34%,36.19%,0.23%,11.21%,6.77%,0.34%,3.60%
G16,土瓜灣南,5878,53.28%,85,7,358,799,45,6,200,386,5,361,9,416,257,5,141,3080,52,57.47%,37.95%,4.58%,19.51%,2.76%,0.23%,11.62%,25.94%,1.46%,0.19%,6.49%,12.53%,0.16%,11.72%,0.29%,13.51%,8.34%,0.16%,4.58%
G17*,鶴園海逸,7280,61.96%,86.8170904793924,5.18870129676364,589.249374369189,937.0168178407,46.1697764969095,9.01943360084522,251.245252326866,538.604666096939,5.77337357111119,669.864784284011,24.0786516045535,635.013522442394,351.828473636779,8.28013464203401,314.171117888864,4472.32117057735,38.5148591500783,56.51%,36.47%,7.02%,20.04%,1.94%,0.12%,13.18%,20.95%,1.03%,0.20%,5.62%,12.04%,0.13%,14.98%,0.54%,14.20%,7.87%,0.19%,7.02%
G18*,黃埔東,9398,69.58%,117.40288410009,5.76526442484932,801.128008068765,1733.52287805482,83.0416552531634,8.06445950451348,339.097387937918,685.074313622154,12.9789504746585,531.274825101155,17.1745267978939,990.548205101488,752.16088473239,7.94733842853996,406.108071583303,6491.2896531857,47.6623945946238,58.59%,35.15%,6.26%,23.44%,1.81%,0.09%,12.34%,26.71%,1.28%,0.12%,5.22%,10.55%,0.20%,8.18%,0.26%,15.26%,11.59%,0.12%,6.26%
G19*,黃埔西,8844,68.10%,129.987419944111,6.38790274528923,761.995466363884,1451.31125745199,93.1772603462545,10.4773594439384,312.721776066969,593.791626987003,8.55684296873893,603.366748019065,20.0235686463232,965.817163341364,615.68960851236,9.57069711829727,390.519624506775,5973.39432246236,49.5599798122258,58.73%,34.73%,6.54%,24.00%,2.18%,0.11%,12.76%,24.30%,1.56%,0.18%,5.24%,9.94%,0.14%,10.10%,0.34%,16.17%,10.31%,0.16%,6.54%
G20*,紅磡灣,8254,63.76%,131.668526987068,4.70552768598631,612.672042586036,1259.64109866619,105.80266707994,8.39768384070198,304.347230642331,509.515260724139,5.45055523330274,614.027736400771,14.0062465384656,810.902446953815,479.924183217599,11.8502854998736,321.278329481093,5194.18982153731,68.9018286490181,57.47%,36.34%,6.19%,21.13%,2.53%,0.09%,11.80%,24.25%,2.04%,0.16%,5.86%,9.81%,0.10%,11.82%,0.27%,15.61%,9.24%,0.23%,6.19%
G21*,紅磡,5111,50.95%,52.8674295741341,1.76412655968293,220.905620094752,521.496398744156,98.7125176471053,4.14118093986813,217.840399970131,196.428945181302,2.36057007611856,618.4169182949,6.54765259882219,311.356376383944,203.794667679907,9.55522293052699,86.0875521375849,2552.27557881294,51.9329501223627,51.71%,44.92%,3.37%,6.79%,2.07%,0.07%,8.66%,20.43%,3.87%,0.16%,8.54%,7.70%,0.09%,24.23%,0.26%,12.20%,7.98%,0.37%,3.37%
G22*,家維,10442,57.41%,155.256648915204,13.1884772874286,638.049488517375,1182.01154924214,124.096123176627,17.8998826701328,514.747953055785,581.585187388462,10.8797076760701,1011.0489879001,16.1693538139416,844.362285776996,495.602182220964,19.7963213807282,262.83530440238,5887.52945342433,107.427987671691,58.01%,37.52%,4.46%,20.49%,2.64%,0.22%,10.84%,20.08%,2.11%,0.30%,8.74%,9.88%,0.18%,17.17%,0.27%,14.34%,8.42%,0.34%,4.46%
G23*,愛民,8904,57.58%,102.815421624645,8.20097374164194,593.457067172407,955.216616515775,61.7257242758219,14.0054594284185,439.516866984214,691.185924960674,9.14985785176919,935.376221453989,16.6868235838721,628.429773496085,393.183632220844,18.2209191458848,172.043787682363,5039.2150701384,87.6546259092541,58.74%,37.85%,3.41%,20.89%,2.04%,0.16%,11.78%,18.96%,1.22%,0.28%,8.72%,13.72%,0.18%,18.56%,0.33%,12.47%,7.80%,0.36%,3.41%
G24*,愛俊,9221,56.56%,104.184578375355,7.79902625835807,607.542932827593,978.783383484226,64.2742757241781,13.9945405715815,443.483133015786,704.814075039326,8.85014214823081,933.623778546012,17.3131764161279,645.570226503915,398.816367779156,18.7790808541152,180.956212317637,5128.7849298616,86.3453740907459,58.85%,37.63%,3.53%,21.22%,2.03%,0.15%,11.85%,19.08%,1.25%,0.27%,8.65%,13.74%,0.17%,18.20%,0.34%,12.59%,7.78%,0.37%,3.53%
Misplaced,入錯票箱,N/A,N/A,0,0,8,10,3,0,0,1,0,8,2,6,0,0,5,43,-43,,,,,,,,,,,,,,,,,,,
