號碼,選區,選民人數,投票率,方國珊,林卓廷,廖添誠,陳雲根,梁國雄,張超雄,楊岳橋,麥嘉晉,鄭家富,葛珮帆,侯志強,李梓敬,鄧家彪,范國威,陳玉娥,黃琛喻,李偲嫣,陳志全,梁頌恆,梁金成,容海恩,陳克勤,總有效,無效,非建制,建制,其他,方國珊%,林卓廷%,廖添誠%,陳雲根%,梁國雄%,張超雄%,楊岳橋%,麥嘉晉%,鄭家富%,葛珮帆%,侯志強%,李梓敬%,鄧家彪%,范國威%,陳玉娥%,黃琛喻%,李偲嫣%,陳志全%,梁頌恆%,梁金成%,容海恩%,陳克勤%
N01*,聯和墟,10421,60.88%,286.738075769965,529.19841918779,35.9354047424366,250.266557645135,366.928318342873,555.164349959117,565.012264922322,58.8708094848733,157.844371763423,217.954756064323,48.022894521668,182.171436358681,195.163804851458,250.122104115563,3.69582992641047,24.7034614336331,58.7985827200872,439.662305805397,405.304715181248,5.84791496320523,202.25129463069,1442.67511583538,6282.33278822568,62.3270645952576,56.51%,37.42%,6.07%,4.56%,8.42%,0.57%,3.98%,5.84%,8.84%,8.99%,0.94%,2.51%,3.47%,0.76%,2.90%,3.11%,3.98%,0.06%,0.39%,0.94%,7.00%,6.45%,0.09%,3.22%,22.96%
N02,粉嶺市,6217,60.30%,151,286,8,147,250,349,309,55,81,200,313,123,123,126,3,10,41,267,261,5,133,473,3714,35,56.30%,37.94%,5.76%,4.07%,7.70%,0.22%,3.96%,6.73%,9.40%,8.32%,1.48%,2.18%,5.39%,8.43%,3.31%,3.31%,3.39%,0.08%,0.27%,1.10%,7.19%,7.03%,0.13%,3.58%,12.74%
N03,祥華,11563,53.03%,198,971,16,249,378,436,435,37,122,171,112,120,297,180,7,19,41,442,493,4,171,1141,6040,92,61.74%,34.11%,4.16%,3.28%,16.08%,0.26%,4.12%,6.26%,7.22%,7.20%,0.61%,2.02%,2.83%,1.85%,1.99%,4.92%,2.98%,0.12%,0.31%,0.68%,7.32%,8.16%,0.07%,2.83%,18.89%
N04,華都,11411,61.96%,289,497,11,326,418,541,580,64,160,157,59,147,244,317,7,17,37,535,668,3,174,1728,6979,91,58.20%,36.58%,5.22%,4.14%,7.12%,0.16%,4.67%,5.99%,7.75%,8.31%,0.92%,2.29%,2.25%,0.85%,2.11%,3.50%,4.54%,0.10%,0.24%,0.53%,7.67%,9.57%,0.04%,2.49%,24.76%
N05,華明,11783,54.22%,185,234,24,309,481,427,519,31,105,167,51,117,266,669,9,24,29,493,815,4,138,1223,6320,69,64.56%,31.65%,3.80%,2.93%,3.70%,0.38%,4.89%,7.61%,6.76%,8.21%,0.49%,1.66%,2.64%,0.81%,1.85%,4.21%,10.59%,0.14%,0.38%,0.46%,7.80%,12.90%,0.06%,2.18%,19.35%
N06,欣盛,13567,57.71%,220,451,15,342,446,618,638,55,147,147,42,156,268,384,13,19,42,609,763,3,192,2160,7730,99,57.18%,39.07%,3.75%,2.85%,5.83%,0.19%,4.42%,5.77%,7.99%,8.25%,0.71%,1.90%,1.90%,0.54%,2.02%,3.47%,4.97%,0.17%,0.25%,0.54%,7.88%,9.87%,0.04%,2.48%,27.94%
N07,盛福,9974,59.46%,248,363,9,230,371,531,441,43,145,225,37,147,807,194,2,23,43,424,620,5,212,693,5813,118,57.58%,37.26%,5.16%,4.27%,6.24%,0.15%,3.96%,6.38%,9.13%,7.59%,0.74%,2.49%,3.87%,0.64%,2.53%,13.88%,3.34%,0.03%,0.40%,0.74%,7.29%,10.67%,0.09%,3.65%,11.92%
N08,粉嶺南,7057,71.63%,243,429,9,185,266,477,465,66,151,252,88,198,164,230,4,15,26,411,336,2,249,753,5019,36,59.12%,34.55%,6.34%,4.84%,8.55%,0.18%,3.69%,5.30%,9.50%,9.26%,1.32%,3.01%,5.02%,1.75%,3.95%,3.27%,4.58%,0.08%,0.30%,0.52%,8.19%,6.69%,0.04%,4.96%,15.00%
N09*,清河,9073,51.34%,155.774021652926,284.81758988612,8.29565795784815,198.174051215261,289.426288751591,275.600192155177,302.33064557491,27.6521931928272,70.0522227551621,60.8348250242198,170.521858022434,71.8957023013506,198.174051215261,96.782676174895,2.76521931928272,13.8260965964136,35.0261113775811,272.834972835895,389.895924018863,3.68695909237695,116.139211409874,1554.97499720998,4599.48146774025,58.9913454780313,47.78%,48.06%,4.17%,3.39%,6.19%,0.18%,4.31%,6.29%,5.99%,6.57%,0.60%,1.52%,1.32%,3.71%,1.56%,4.31%,2.10%,0.06%,0.30%,0.76%,5.93%,8.48%,0.08%,2.53%,33.81%
N10*,御太,8208,57.57%,117.225978347074,331.18241011388,8.70434204215185,189.825948784739,225.573711248409,290.399807844823,300.66935442509,35.3478068071728,79.9477772448379,254.16517497578,84.4781419775659,114.104297698649,731.825948784739,111.217323825105,1.23478068071728,14.1739034035864,50.9738886224189,318.165027164105,437.104075981137,7.31304090762305,316.860788590126,665.02500279002,4685.51853225975,40.0086545219687,49.21%,47.35%,3.44%,2.50%,7.07%,0.19%,4.05%,4.81%,6.20%,6.42%,0.75%,1.71%,5.42%,1.80%,2.44%,15.62%,2.37%,0.03%,0.30%,1.09%,6.79%,9.33%,0.16%,6.76%,14.19%
N11,上水鄉郊,9834,56.61%,213,338,4,139,310,273,369,39,111,236,1268,179,112,120,7,18,32,354,235,5,125,981,5468,99,41.55%,53.77%,4.68%,3.90%,6.18%,0.07%,2.54%,5.67%,4.99%,6.75%,0.71%,2.03%,4.32%,23.19%,3.27%,2.05%,2.19%,0.13%,0.33%,0.59%,6.47%,4.30%,0.09%,2.29%,17.94%
N12,彩園,11089,54.74%,209,580,7,244,388,393,383,30,110,173,118,129,300,162,3,28,36,439,487,38,167,1488,5912,158,55.01%,40.83%,4.16%,3.54%,9.81%,0.12%,4.13%,6.56%,6.65%,6.48%,0.51%,1.86%,2.93%,2.00%,2.18%,5.07%,2.74%,0.05%,0.47%,0.61%,7.43%,8.24%,0.64%,2.82%,25.17%
N13,石湖墟,9462,59.89%,193,1167,9,229,318,345,358,57,92,183,90,172,229,152,4,27,14,407,444,9,220,896,5615,52,63.19%,32.20%,4.61%,3.44%,20.78%,0.16%,4.08%,5.66%,6.14%,6.38%,1.02%,1.64%,3.26%,1.60%,3.06%,4.08%,2.71%,0.07%,0.48%,0.25%,7.25%,7.91%,0.16%,3.92%,15.96%
N14,天平西,10413,54.18%,148,629,5,241,392,435,530,49,103,209,78,133,624,148,4,11,19,441,508,6,134,707,5554,88,62.01%,34.35%,3.64%,2.66%,11.33%,0.09%,4.34%,7.06%,7.83%,9.54%,0.88%,1.85%,3.76%,1.40%,2.39%,11.24%,2.66%,0.07%,0.20%,0.34%,7.94%,9.15%,0.11%,2.41%,12.73%
N15,鳳翠,8464,55.13%,162,357,6,182,286,284,425,28,96,134,479,104,153,128,3,17,24,329,363,11,141,895,4607,59,53.79%,41.96%,4.25%,3.52%,7.75%,0.13%,3.95%,6.21%,6.16%,9.23%,0.61%,2.08%,2.91%,10.40%,2.26%,3.32%,2.78%,0.07%,0.37%,0.52%,7.14%,7.88%,0.24%,3.06%,19.43%
N16,沙打,8570,48.89%,174,178,4,106,191,207,262,14,42,93,609,60,59,66,5,7,24,184,197,3,83,1520,4088,102,35.30%,60.00%,4.70%,4.26%,4.35%,0.10%,2.59%,4.67%,5.06%,6.41%,0.34%,1.03%,2.27%,14.90%,1.47%,1.44%,1.61%,0.12%,0.17%,0.59%,4.50%,4.82%,0.07%,2.03%,37.18%
N17*,天平東,9589,56.31%,184.261924230035,529.80158081221,12.0645952575634,263.733442354865,337.071681657127,435.835650040883,508.987735077678,36.1291905151267,111.155628236577,193.045243935677,57.977105478332,131.828563641319,283.836195148542,185.877895884437,4.30417007358953,18.2965385663669,34.2014172799128,449.337694194603,440.695284818752,3.15208503679477,148.74870536931,972.324884164623,5342.66721177432,56.6729354047424,61.47%,34.18%,4.35%,3.45%,9.92%,0.23%,4.94%,6.31%,8.16%,9.53%,0.68%,2.08%,3.61%,1.09%,2.47%,5.31%,3.48%,0.08%,0.34%,0.64%,8.41%,8.25%,0.06%,2.78%,18.20%
N18,皇后山,8377,47.45%,209,235,10,188,222,280,313,42,110,212,292,135,161,124,5,12,46,270,203,4,172,655,3900,75,50.28%,43.03%,6.69%,5.36%,6.03%,0.26%,4.82%,5.69%,7.18%,8.03%,1.08%,2.82%,5.44%,7.49%,3.46%,4.13%,3.18%,0.13%,0.31%,1.18%,6.92%,5.21%,0.10%,4.41%,16.79%
P01*,大埔墟,6090,52.65%,128.810071942446,171.746762589928,2.62877697841727,149.840287769784,170.870503597122,280.402877697842,290.917985611511,18.4014388489209,84.9971223021583,102.522302158273,31.5453237410072,97.2647482014389,142.830215827338,131.438848920863,3.50503597122302,10.5151079136691,22.7827338129496,261.125179856115,185.76690647482,1.75251798561151,119.171223021583,746.572661870504,3155.40863309353,50.8230215827338,55.12%,40.13%,4.75%,4.08%,5.44%,0.08%,4.75%,5.42%,8.89%,9.22%,0.58%,2.69%,3.25%,1.00%,3.08%,4.53%,4.17%,0.11%,0.33%,0.72%,8.28%,5.89%,0.06%,3.78%,23.66%
P02,大埔中,7825,68.66%,193,494,2,230,266,417,524,74,325,170,11,192,180,346,1,14,30,432,453,4,182,808,5348,25,65.54%,29.43%,5.03%,3.61%,9.24%,0.04%,4.30%,4.97%,7.80%,9.80%,1.38%,6.08%,3.18%,0.21%,3.59%,3.37%,6.47%,0.02%,0.26%,0.56%,8.08%,8.47%,0.07%,3.40%,15.11%
P03,頌汀,8998,60.47%,183,360,4,287,329,455,493,74,209,185,17,144,250,294,4,14,37,496,482,0,141,925,5383,58,63.51%,31.64%,4.85%,3.40%,6.69%,0.07%,5.33%,6.11%,8.45%,9.16%,1.37%,3.88%,3.44%,0.32%,2.68%,4.64%,5.46%,0.07%,0.26%,0.69%,9.21%,8.95%,0.00%,2.62%,17.18%
P04,大元,8889,50.68%,136,207,5,231,357,304,400,30,230,138,13,106,293,228,6,19,20,401,315,5,93,879,4416,89,61.07%,35.05%,3.87%,3.08%,4.69%,0.11%,5.23%,8.08%,6.88%,9.06%,0.68%,5.21%,3.13%,0.29%,2.40%,6.63%,5.16%,0.14%,0.43%,0.45%,9.08%,7.13%,0.11%,2.11%,19.90%
P05,富亨,11640,53.26%,207,335,7,336,474,496,605,39,246,173,14,159,274,308,9,22,27,610,599,4,160,1001,6105,95,66.09%,29.76%,4.14%,3.39%,5.49%,0.11%,5.50%,7.76%,8.12%,9.91%,0.64%,4.03%,2.83%,0.23%,2.60%,4.49%,5.05%,0.15%,0.36%,0.44%,9.99%,9.81%,0.07%,2.62%,16.40%
P06,怡富,11842,56.72%,193,278,4,275,356,455,405,50,204,151,20,133,277,1516,4,8,22,535,411,1,138,1176,6612,105,67.21%,29.05%,3.74%,2.92%,4.20%,0.06%,4.16%,5.38%,6.88%,6.13%,0.76%,3.09%,2.28%,0.30%,2.01%,4.19%,22.93%,0.06%,0.12%,0.33%,8.09%,6.22%,0.02%,2.09%,17.79%
P07,富明新,9132,60.33%,195,391,9,228,277,359,345,54,212,184,15,135,331,963,9,19,29,443,396,3,126,704,5427,82,67.00%,28.25%,4.75%,3.59%,7.20%,0.17%,4.20%,5.10%,6.62%,6.36%,1.00%,3.91%,3.39%,0.28%,2.49%,6.10%,17.74%,0.17%,0.35%,0.53%,8.16%,7.30%,0.06%,2.32%,12.97%
P08,廣福及寶湖,8872,56.68%,165,255,3,193,323,370,440,49,135,92,18,106,264,192,2,12,20,409,325,5,95,1474,4947,82,53.75%,41.86%,4.39%,3.34%,5.15%,0.06%,3.90%,6.53%,7.48%,8.89%,0.99%,2.73%,1.86%,0.36%,2.14%,5.34%,3.88%,0.04%,0.24%,0.40%,8.27%,6.57%,0.10%,1.92%,29.80%
P09,宏福,8538,58.25%,202,315,6,176,286,358,423,43,138,109,5,132,225,215,6,12,19,491,298,3,112,1309,4883,90,55.60%,39.26%,5.14%,4.14%,6.45%,0.12%,3.60%,5.86%,7.33%,8.66%,0.88%,2.83%,2.23%,0.10%,2.70%,4.61%,4.40%,0.12%,0.25%,0.39%,10.06%,6.10%,0.06%,2.29%,26.81%
P10*,大埔滘,8906,66.17%,271.904835589942,347.975628626692,6.43829787234043,195.813152804642,308.24332688588,509.665377176016,577.58916827853,155.233268858801,203.595357833656,349.881237911025,27.0707930367505,367.831334622824,162.230560928433,226.616247582205,5.51179883945841,10.779497098646,26.1442940038685,444.332301740812,289.755125725339,2.34119922630561,432.43752417795,938.244487427466,5859.63481624758,33.6796905222437,53.19%,39.41%,7.40%,4.64%,5.94%,0.11%,3.34%,5.26%,8.70%,9.86%,2.65%,3.47%,5.97%,0.46%,6.28%,2.77%,3.87%,0.09%,0.18%,0.45%,7.58%,4.94%,0.04%,7.38%,16.01%
P11*,運頭塘,11870,60.66%,301.542170757,413.599032146561,4.43553404770135,355.630487383339,463.679225717249,695.65693052195,706.317836156239,97.3878326996198,251.872105081231,244.92084341514,16.4355340477014,238.203076391289,347.194953335638,316.77566539924,4.71776702385068,18.0162461113031,26.7258900795022,599.510715520221,574.11475976495,2.2903560318009,315.945212582095,1128.92395437262,7123.89612858624,76.750259246457,61.73%,32.61%,5.66%,4.23%,5.81%,0.06%,4.99%,6.51%,9.77%,9.91%,1.37%,3.54%,3.44%,0.23%,3.34%,4.87%,4.45%,0.07%,0.25%,0.38%,8.42%,8.06%,0.03%,4.44%,15.85%
P12*,新富,9573,63.87%,305.782299445177,347.717954371384,8.44634589006794,265.040816816177,337.735869419584,610.894163170066,607.049584576958,126.905510151725,207.983154209305,275.868129884545,30.4889422712838,276.148580210797,217.498280603778,265.004434986365,7.11226253104883,15.5870584534357,24.1429012577876,487.416829620819,343.943178866199,3.61592675628198,315.68959879883,985.100899246276,6065.17272153789,49.2876217453083,57.57%,35.15%,7.27%,5.04%,5.73%,0.14%,4.37%,5.57%,10.07%,10.01%,2.09%,3.43%,4.55%,0.50%,4.55%,3.59%,4.37%,0.12%,0.26%,0.40%,8.04%,5.67%,0.06%,5.20%,16.24%
P13*,林村谷,10685,60.86%,258.277578526669,317.980394584189,10.1966413768415,260.182145579563,403.300912606648,568.154168510221,592.082285772209,80.6860896446482,209.27424978875,255.168780819153,158.491162445498,227.508521807923,164.847547123866,257.703449007073,4.15313563441906,18.2476865883145,50.2359363881329,579.730012207509,378.382881175882,3,423.003894984552,1230.11545663975,6450.72293121181,52.1430498031973,55.62%,38.97%,5.41%,4.00%,4.93%,0.16%,4.03%,6.25%,8.81%,9.18%,1.25%,3.24%,3.96%,2.46%,3.53%,2.56%,3.99%,0.06%,0.28%,0.78%,8.99%,5.87%,0.05%,6.56%,19.07%
P14,寶雅,10574,56.37%,179,286,3,285,337,502,472,42,189,147,10,121,270,664,2,28,35,504,442,2,146,1208,5874,87,63.18%,33.01%,3.81%,3.05%,4.87%,0.05%,4.85%,5.74%,8.55%,8.04%,0.72%,3.22%,2.50%,0.17%,2.06%,4.60%,11.30%,0.03%,0.48%,0.60%,8.58%,7.52%,0.03%,2.49%,20.57%
P15,太和,10940,50.94%,172,421,4,324,352,456,497,33,191,179,19,105,302,270,9,19,18,475,419,2,148,1083,5498,75,62.31%,33.89%,3.80%,3.13%,7.66%,0.07%,5.89%,6.40%,8.29%,9.04%,0.60%,3.47%,3.26%,0.35%,1.91%,5.49%,4.91%,0.16%,0.35%,0.33%,8.64%,7.62%,0.04%,2.69%,19.70%
P16,舊墟及太湖,7800,68.22%,172,418,5,242,286,597,558,74,217,226,20,164,147,314,1,12,37,483,365,6,396,540,5280,41,66.25%,29.00%,4.75%,3.26%,7.92%,0.09%,4.58%,5.42%,11.31%,10.57%,1.40%,4.11%,4.28%,0.38%,3.11%,2.78%,5.95%,0.02%,0.23%,0.70%,9.15%,6.91%,0.11%,7.50%,10.23%
P17*,康樂園,8756,64.53%,238.683043738766,319.980227681246,11.8544038346315,220.493109646495,290.170161773517,523.226482923907,508.043139604554,131.385859796285,179.278010784901,318.638705811863,67.9682444577591,319.043738765728,152.398442180947,261.461354104254,4,12.8544038346315,32.9682444577591,451.884961054524,291.03714799281,2,325.752546434991,945.042540443379,5608.16476932295,42.3163571000599,54.57%,38.62%,6.81%,4.26%,5.71%,0.21%,3.93%,5.17%,9.33%,9.06%,2.34%,3.20%,5.68%,1.21%,5.69%,2.72%,4.66%,0.07%,0.23%,0.59%,8.06%,5.19%,0.04%,5.81%,16.85%
P18,船灣,8764,57.67%,185,213,6,196,266,457,452,85,150,312,126,221,116,213,3,11,31,431,255,2,294,966,4991,63,53.02%,41.45%,5.53%,3.71%,4.27%,0.12%,3.93%,5.33%,9.16%,9.06%,1.70%,3.01%,6.25%,2.52%,4.43%,2.32%,4.27%,0.06%,0.22%,0.62%,8.64%,5.11%,0.04%,5.89%,19.35%
P19*,西貢北,6026,61.00%,172.341222879684,255.540433925049,8.91420118343195,107.960880999343,210.96942800789,340.720578566732,395.196252465483,95.0848126232742,106.970414201183,391.234385272847,228.797830374753,209.97896120973,80.2278106508876,141.636752136752,1.98093359631821,7.92373438527285,23.7712031558185,278.321170282709,167.388888888889,1.98093359631821,237.712031558185,187.198224852071,3651.85108481262,23.7712031558185,55.17%,37.27%,7.57%,4.72%,7.00%,0.24%,2.96%,5.78%,9.33%,10.82%,2.60%,2.93%,10.71%,6.27%,5.75%,2.20%,3.88%,0.05%,0.22%,0.65%,7.62%,4.58%,0.05%,6.51%,5.13%
Q01*,西貢市中心,6284,53.48%,276.990441511152,146.746927628584,5.00910332271279,112.184342284934,204.364132908512,227.892580791989,326.539371870733,41.0682749203459,72.6081019572144,844.734638142922,211.421028675467,94.6536185707783,68.0978607191625,96.1547564861174,5.5034137460173,11.5170687300865,25.0386891215294,252.41647701411,160.259444697315,1.5034137460173,59.1069640418753,51.592171142467,3295.40282203004,65.1137915339099,48.92%,41.27%,9.80%,8.41%,4.45%,0.15%,3.40%,6.20%,6.92%,9.91%,1.25%,2.20%,25.63%,6.42%,2.87%,2.07%,2.92%,0.17%,0.35%,0.76%,7.66%,4.86%,0.05%,1.79%,1.57%
Q02*,白沙灣,7241,56.16%,335.310195227766,183.603036876356,3.45553145336226,121.516268980477,256.286334056399,311.336225596529,402.980477223427,50.6312364425163,82.8590021691974,763.856832971801,343.429501084599,186.579175704989,63.7201735357918,135.529284164859,3.37960954446855,10.2277657266811,27.9869848156182,320.069414316703,159.034707158351,0,174.02169197397,94.3015184381779,4030.11496746204,36.1258134490239,49.22%,41.12%,9.66%,8.32%,4.56%,0.09%,3.02%,6.36%,7.73%,10.00%,1.26%,2.06%,18.95%,8.52%,4.63%,1.58%,3.36%,0.08%,0.25%,0.69%,7.94%,3.95%,0.00%,4.32%,2.34%
Q03*,西貢離島,4442,55.24%,216.668335609164,110.712638446367,4.07669549385526,81.8547767157235,161.666439083598,175.386840641279,240.264375663784,30.8469124563799,48.4214838416022,545.030976584231,186.78114094978,69.3674202194913,43.6743286299499,69.2084913771305,1.51565265766449,7.55919688464067,17.1901077226521,185.262352703181,115.351666413796,1.51565265766449,49.1810043999393,42.209604005462,2403.74609315734,50.1150053102716,49.81%,39.73%,10.47%,9.01%,4.61%,0.17%,3.41%,6.73%,7.30%,10.00%,1.28%,2.01%,22.67%,7.77%,2.89%,1.82%,2.88%,0.06%,0.31%,0.72%,7.71%,4.80%,0.06%,2.05%,1.76%
Q04*,坑口東,4964,56.87%,264.868467303356,182.868152274838,4.26432550736172,94.3790870805147,149.484911792015,189.520186695848,259.626011407348,65.4009566918689,58.8767741079719,515.722899257196,40.2202712561348,123.185153866561,62.8284089401777,85.1500364769863,1.11013562806738,5.44054251226953,12.7268951452447,221.423298846001,129.220586284653,3.04405425122695,239.50294302958,68.5023129725428,2777.36641132776,45.6960886722377,49.65%,38.30%,12.04%,9.54%,6.58%,0.15%,3.40%,5.38%,6.82%,9.35%,2.35%,2.12%,18.57%,1.45%,4.44%,2.26%,3.07%,0.04%,0.20%,0.46%,7.97%,4.65%,0.11%,8.62%,2.47%
Q05*,坑口西,6521,58.44%,332.446319572532,217.519073147626,7.60944573710038,150.066990670362,247.051389758437,271.986048069388,336.63710538276,66.5164180276187,95.7811317788974,694.976455920288,32.3674659503578,137.46594545057,105.831218402185,167.088042904167,6.0645533705936,5.96766444548916,18.8419722137872,325.125521753339,195.668451837156,0.418279911139321,234.078109771726,115.906625815378,3765.4142298909,45.6940042246324,53.47%,35.73%,10.80%,8.83%,5.78%,0.20%,3.99%,6.56%,7.22%,8.94%,1.77%,2.54%,18.46%,0.86%,3.65%,2.81%,4.44%,0.16%,0.16%,0.50%,8.63%,5.20%,0.01%,6.22%,3.08%
Q06,寶怡,9198,59.08%,957,331,5,196,269,352,507,68,132,556,5,139,489,224,5,12,27,422,317,0,246,121,5380,54,51.34%,29.52%,19.14%,17.79%,6.15%,0.09%,3.64%,5.00%,6.54%,9.42%,1.26%,2.45%,10.33%,0.09%,2.58%,9.09%,4.16%,0.09%,0.22%,0.50%,7.84%,5.89%,0.00%,4.57%,2.25%
Q07,維景,7104,76.66%,976,392,10,125,288,563,630,142,158,529,0,247,95,288,2,8,8,412,169,3,240,143,5428,18,55.93%,23.29%,20.78%,17.98%,7.22%,0.18%,2.30%,5.31%,10.37%,11.61%,2.62%,2.91%,9.75%,0.00%,4.55%,1.75%,5.31%,0.04%,0.15%,0.15%,7.59%,3.11%,0.06%,4.42%,2.63%
Q08,都善,6086,65.25%,750,240,5,118,178,281,350,55,105,581,5,156,130,210,1,11,18,297,147,2,176,128,3944,27,49.16%,30.30%,20.54%,19.02%,6.09%,0.13%,2.99%,4.51%,7.12%,8.87%,1.39%,2.66%,14.73%,0.13%,3.96%,3.30%,5.32%,0.03%,0.28%,0.46%,7.53%,3.73%,0.05%,4.46%,3.25%
Q09,健明,8550,52.60%,427,101,3,222,343,190,316,26,91,724,21,74,251,671,3,9,19,300,326,0,190,134,4441,56,57.85%,31.88%,10.27%,9.61%,2.27%,0.07%,5.00%,7.72%,4.28%,7.12%,0.59%,2.05%,16.30%,0.47%,1.67%,5.65%,15.11%,0.07%,0.20%,0.43%,6.76%,7.34%,0.00%,4.28%,3.02%
Q10,彩健,11014,54.45%,559,263,6,329,436,388,535,58,126,951,10,161,381,241,13,13,31,469,474,4,267,192,5907,90,55.49%,33.96%,10.55%,9.46%,4.45%,0.10%,5.57%,7.38%,6.57%,9.06%,0.98%,2.13%,16.10%,0.17%,2.73%,6.45%,4.08%,0.22%,0.22%,0.52%,7.94%,8.02%,0.07%,4.52%,3.25%
Q11,澳唐,9263,66.84%,704,261,7,182,322,471,553,108,162,792,9,212,317,924,8,13,26,429,262,2,243,151,6158,33,58.15%,28.55%,13.30%,11.43%,4.24%,0.11%,2.96%,5.23%,7.65%,8.98%,1.75%,2.63%,12.86%,0.15%,3.44%,5.15%,15.00%,0.13%,0.21%,0.42%,6.97%,4.25%,0.03%,3.95%,2.45%
Q12,富君,9996,63.02%,937,324,11,216,318,439,581,96,317,831,3,196,244,341,2,14,30,465,401,1,312,156,6235,64,54.80%,28.45%,16.74%,15.03%,5.20%,0.18%,3.46%,5.10%,7.04%,9.32%,1.54%,5.08%,13.33%,0.05%,3.14%,3.91%,5.47%,0.03%,0.22%,0.48%,7.46%,6.43%,0.02%,5.00%,2.50%
Q13,軍寶,6074,73.81%,714,284,4,114,220,421,466,86,128,486,0,151,132,341,3,10,18,382,189,1,196,119,4465,18,57.25%,24.75%,18.01%,15.99%,6.36%,0.09%,2.55%,4.93%,9.43%,10.44%,1.93%,2.87%,10.88%,0.00%,3.38%,2.96%,7.64%,0.07%,0.22%,0.40%,8.56%,4.23%,0.02%,4.39%,2.67%
Q14,南安,9770,69.01%,1002,393,7,267,355,598,684,139,207,802,4,253,304,348,3,11,28,514,346,2,268,153,6688,54,55.70%,27.14%,17.17%,14.98%,5.88%,0.10%,3.99%,5.31%,8.94%,10.23%,2.08%,3.10%,11.99%,0.06%,3.78%,4.55%,5.20%,0.04%,0.16%,0.42%,7.69%,5.17%,0.03%,4.01%,2.29%
Q15*,康景,11712,65.52%,860.241944605206,416.742342345091,12.7233424212103,312.547015164087,400.431729430543,533.172547856621,647.645853525387,90.577538867525,227.527639362942,796.118128745699,5.69899341884305,234.434178189211,291.058216887646,957.669812559632,8.91978953487967,18.1340010802023,33.9060415061471,559.165710667332,415.756669261128,0,559.851363893353,205.042939056604,7587.36579837929,86.8111699392321,59.16%,28.14%,12.70%,11.34%,5.49%,0.17%,4.12%,5.28%,7.03%,8.54%,1.19%,3.00%,10.49%,0.08%,3.09%,3.84%,12.62%,0.12%,0.24%,0.45%,7.37%,5.48%,0.00%,7.38%,2.70%
Q16,翠林,10861,53.95%,472,256,4,262,438,408,490,21,143,364,7,124,306,334,5,18,13,486,455,5,967,182,5760,99,57.20%,34.17%,8.63%,8.19%,4.44%,0.07%,4.55%,7.60%,7.08%,8.51%,0.36%,2.48%,6.32%,0.12%,2.15%,5.31%,5.80%,0.09%,0.31%,0.23%,8.44%,7.90%,0.09%,16.79%,3.16%
Q17*,寶林,11286,52.86%,503.231672484925,252.511266264678,10.745160266582,288.328467153285,458.460171374167,399.361789907966,465.623611551888,33.1309108219613,187.14487464297,609.787845128531,17.0131704220882,145.955093621073,327.727388130752,445.028721040939,7.16344017772136,15.2223103776579,39.3989209774675,515.767692795938,447.715011107585,3.58172008886068,493.381942240559,196.994604887337,5863.27578546493,102.079022532529,59.33%,31.34%,9.33%,8.58%,4.31%,0.18%,4.92%,7.82%,6.81%,7.94%,0.57%,3.19%,10.40%,0.29%,2.49%,5.59%,7.59%,0.12%,0.26%,0.67%,8.80%,7.64%,0.06%,8.41%,3.36%
Q18,欣英,11340,63.87%,749,353,7,259,396,515,671,111,182,808,6,322,300,993,5,11,35,467,365,2,435,209,7201,42,58.52%,29.44%,12.04%,10.40%,4.90%,0.10%,3.60%,5.50%,7.15%,9.32%,1.54%,2.53%,11.22%,0.08%,4.47%,4.17%,13.79%,0.07%,0.15%,0.49%,6.49%,5.07%,0.03%,6.04%,2.90%
Q19*,運亨,10604,71.26%,778.769868109571,372.62428136625,12.466520121745,282.541258031789,338.770375380453,540.143388569496,576.112952316537,124.143895840379,242.687352045993,869.260737233683,1.49086912411228,282.565607034156,252.663003043625,1379.6841393304,5.47260737233683,14.4482583699696,50.86608048698,481.871660466689,336.82516063578,1,353.666892120392,205.754311802503,7503.82921880284,52.2899898545823,60.86%,26.94%,12.20%,10.38%,4.97%,0.17%,3.77%,4.51%,7.20%,7.68%,1.65%,3.23%,11.58%,0.02%,3.77%,3.37%,18.39%,0.07%,0.19%,0.68%,6.42%,4.49%,0.01%,4.71%,2.74%
Q20,景林,12281,55.43%,540,328,10,327,523,394,538,49,185,1334,16,131,411,400,6,21,27,544,461,2,250,133,6630,177,56.15%,34.81%,9.03%,8.14%,4.95%,0.15%,4.93%,7.89%,5.94%,8.11%,0.74%,2.79%,20.12%,0.24%,1.98%,6.20%,6.03%,0.09%,0.32%,0.41%,8.21%,6.95%,0.03%,3.77%,2.01%
Q21,厚德,11651,59.67%,695,316,7,379,500,456,589,55,173,1209,18,184,361,282,5,17,36,546,515,3,273,177,6796,156,55.56%,33.30%,11.14%,10.23%,4.65%,0.10%,5.58%,7.36%,6.71%,8.67%,0.81%,2.55%,17.79%,0.26%,2.71%,5.31%,4.15%,0.07%,0.25%,0.53%,8.03%,7.58%,0.04%,4.02%,2.60%
Q22,富藍,10094,63.32%,810,348,6,245,360,473,645,115,174,1159,8,211,223,300,5,10,28,460,347,0,217,166,6310,82,53.28%,31.97%,14.75%,12.84%,5.52%,0.10%,3.88%,5.71%,7.50%,10.22%,1.82%,2.76%,18.37%,0.13%,3.34%,3.53%,4.75%,0.08%,0.16%,0.44%,7.29%,5.50%,0.00%,3.44%,2.63%
Q23*,德明,12047,61.20%,882.131532696644,438.131847725163,11.7356744926383,327.620912919485,465.515088207985,511.479813304152,649.373988592652,106.599043308131,172.123225892028,609.277100742804,9.77972874386524,185.814846133439,303.171591059822,361.849963523014,4.88986437193262,19.5594574877305,32.2731048547553,551.576701153999,453.779413715347,1.95594574877305,1043.49705697042,155.497687027457,7297.63358867224,75.3039113277623,54.17%,32.12%,13.71%,12.09%,6.00%,0.16%,4.49%,6.38%,7.01%,8.90%,1.46%,2.36%,8.35%,0.13%,2.55%,4.15%,4.96%,0.07%,0.27%,0.44%,7.56%,6.22%,0.03%,14.30%,2.13%
Q24,尚德,12529,50.29%,302,155,8,371,458,368,483,28,135,719,15,96,1087,286,6,17,28,513,923,4,136,79,6217,84,59.72%,34.84%,5.44%,4.86%,2.49%,0.13%,5.97%,7.37%,5.92%,7.77%,0.45%,2.17%,11.57%,0.24%,1.54%,17.48%,4.60%,0.10%,0.27%,0.45%,8.25%,14.85%,0.06%,2.19%,1.27%
Q25,廣明,11560,58.76%,520,357,7,257,387,429,625,62,225,1754,4,138,376,276,3,13,20,470,545,1,148,94,6711,82,53.42%,37.80%,8.78%,7.75%,5.32%,0.10%,3.83%,5.77%,6.39%,9.31%,0.92%,3.35%,26.14%,0.06%,2.06%,5.60%,4.11%,0.04%,0.19%,0.30%,7.00%,8.12%,0.01%,2.21%,1.40%
Q26*,環保北,6777,75.23%,1502.59343362664,222.170498628063,5.6558804049579,173.785220929132,230.858737818147,391.152805374208,479.243920900747,82.802914182988,93.8058472892421,524.985050619737,2.51764594569023,152.470527012962,101.085249314032,231.038130381304,1,12.5882297284511,10.7264641877188,386.543949285647,219.967546598543,0,161.544043901978,98.9470148547639,5085.48311098495,12.9676412148737,48.00%,20.71%,31.29%,29.55%,4.37%,0.11%,3.42%,4.54%,7.69%,9.42%,1.63%,1.84%,10.32%,0.05%,3.00%,1.99%,4.54%,0.02%,0.25%,0.21%,7.60%,4.33%,0.00%,3.18%,1.95%
Q27*,環保南,6559,74.43%,1525.40656637336,199.829501371937,4.3441195950421,163.214779070868,191.141262181853,302.847194625792,438.756079099253,60.197085817012,78.1941527107579,543.014949380263,2.48235405430977,136.529472987038,99.9147506859684,233.961869618696,0,12.4117702715489,14.2735358122812,375.456050714353,224.032453401457,0,164.455956098023,98.0529851452361,4868.51688901505,13.0323587851263,45.60%,21.75%,32.66%,31.33%,4.10%,0.09%,3.35%,3.93%,6.22%,9.01%,1.24%,1.61%,11.15%,0.05%,2.80%,2.05%,4.81%,0.00%,0.25%,0.29%,7.71%,4.60%,0.00%,3.38%,2.01%
R01,沙田市中心,9651,68.09%,308,749,8,250,423,653,660,174,221,729,13,345,167,282,6,15,24,509,406,1,342,249,6534,37,63.80%,28.70%,7.50%,4.71%,11.46%,0.12%,3.83%,6.47%,9.99%,10.10%,2.66%,3.38%,11.16%,0.20%,5.28%,2.56%,4.32%,0.09%,0.23%,0.37%,7.79%,6.21%,0.02%,5.23%,3.81%
R02,瀝源,7988,53.41%,166,211,6,209,354,322,326,43,115,447,56,148,228,137,6,20,36,383,235,3,601,144,4196,70,55.17%,39.70%,5.12%,3.96%,5.03%,0.14%,4.98%,8.44%,7.67%,7.77%,1.02%,2.74%,10.65%,1.33%,3.53%,5.43%,3.27%,0.14%,0.48%,0.86%,9.13%,5.60%,0.07%,14.32%,3.43%
R03,禾輋邨,11499,50.40%,145,374,3,240,440,458,506,35,134,1075,151,147,413,168,9,24,74,547,406,4,176,158,5687,108,58.04%,38.74%,3.22%,2.55%,6.58%,0.05%,4.22%,7.74%,8.05%,8.90%,0.62%,2.36%,18.90%,2.66%,2.58%,7.26%,2.95%,0.16%,0.42%,1.30%,9.62%,7.14%,0.07%,3.09%,2.78%
R04,第一城,9083,73.52%,328,542,4,247,345,838,862,280,207,501,12,333,148,285,2,22,22,599,338,3,564,155,6637,41,64.61%,26.17%,9.22%,4.94%,8.17%,0.06%,3.72%,5.20%,12.63%,12.99%,4.22%,3.12%,7.55%,0.18%,5.02%,2.23%,4.29%,0.03%,0.33%,0.33%,9.03%,5.09%,0.05%,8.50%,2.34%
R05,愉城,8638,69.44%,255,433,7,221,341,680,746,217,163,395,3,259,144,251,3,11,17,494,307,1,836,161,5945,53,61.36%,30.58%,8.06%,4.29%,7.28%,0.12%,3.72%,5.74%,11.44%,12.55%,3.65%,2.74%,6.64%,0.05%,4.36%,2.42%,4.22%,0.05%,0.19%,0.29%,8.31%,5.16%,0.02%,14.06%,2.71%
R06,王屋,8276,69.42%,246,436,10,252,344,581,608,130,195,598,11,386,193,226,7,20,33,499,335,4,356,227,5697,48,61.44%,31.79%,6.78%,4.32%,7.65%,0.18%,4.42%,6.04%,10.20%,10.67%,2.28%,3.42%,10.50%,0.19%,6.78%,3.39%,3.97%,0.12%,0.35%,0.58%,8.76%,5.88%,0.07%,6.25%,3.98%
R07,沙角,10082,55.08%,161,288,7,219,399,424,385,32,406,414,15,124,382,280,9,12,39,386,322,4,968,176,5452,101,57.32%,39.01%,3.67%,2.95%,5.28%,0.13%,4.02%,7.32%,7.78%,7.06%,0.59%,7.45%,7.59%,0.28%,2.27%,7.01%,5.14%,0.17%,0.22%,0.72%,7.08%,5.91%,0.07%,17.75%,3.23%
R08,博康,11629,54.05%,161,421,6,217,438,473,466,52,595,393,18,111,354,364,9,22,28,488,358,3,1049,177,6203,82,61.99%,34.48%,3.53%,2.60%,6.79%,0.10%,3.50%,7.06%,7.63%,7.51%,0.84%,9.59%,6.34%,0.29%,1.79%,5.71%,5.87%,0.15%,0.35%,0.45%,7.87%,5.77%,0.05%,16.91%,2.85%
R09,乙明,10627,57.54%,188,296,5,244,379,370,447,45,786,506,31,142,379,415,15,19,31,440,351,5,757,192,6043,72,62.09%,33.97%,3.94%,3.11%,4.90%,0.08%,4.04%,6.27%,6.12%,7.40%,0.74%,13.01%,8.37%,0.51%,2.35%,6.27%,6.87%,0.25%,0.31%,0.51%,7.28%,5.81%,0.08%,12.53%,3.18%
R10*^,秦豐,9053,66.75%,228.177086743044,926.53726132024,8.89001636661211,233.115984724495,429.684124386252,478.085324604474,433.635242771413,66.1812329514457,150.142498636116,471.170867430442,34.5722858701582,176.812547735952,251.88379705401,212.3726132024,7.90223677032188,37.5356246590289,40.4989634478996,459.317512274959,300.284997272231,2.9633387888707,832.698199672668,196.568139661757,5979.02989634479,64.2056737588653,61.28%,33.65%,5.07%,3.82%,15.50%,0.15%,3.90%,7.19%,8.00%,7.25%,1.11%,2.51%,7.88%,0.58%,2.96%,4.21%,3.55%,0.13%,0.63%,0.68%,7.68%,5.02%,0.05%,13.93%,3.29%
R11*,新田圍,8949,56.95%,220.479318809351,452.220458613756,6.17463357747562,238.396609653097,368.498243897892,429.23443374105,391.3989241225,45.7205401060626,148.796138710022,377.134287786376,18.7430713849453,161.179035894027,614.990836364854,267.653223712845,6.99612802260586,14.3068317511751,34.1256291566724,378.97837096669,295.943925314607,4.03352302206035,377.637531574177,151.795537084395,5004.43723326664,92.288709374325,59.74%,34.82%,5.44%,4.41%,9.04%,0.12%,4.76%,7.36%,8.58%,7.82%,0.91%,2.97%,7.54%,0.37%,3.22%,12.29%,5.35%,0.14%,0.29%,0.68%,7.57%,5.91%,0.08%,7.55%,3.03%
R12*,翠田,8781,61.71%,219.625784215001,341.201540496565,6.07949996661667,238.63358297066,386.828803340608,545.613642564379,478.746034730355,60.7835133349009,183.124433393018,422.505261463456,31.1810417396616,221.116598788553,293.362866267729,452.851761985719,2.28078882563884,15.1976012834151,16.7228748507642,400.50572558918,317.674433788687,3.03997970993365,571.655859255718,159.575272929109,5368.30690148967,50.1553004080242,62.65%,32.01%,5.34%,4.09%,6.36%,0.11%,4.45%,7.21%,10.16%,8.92%,1.13%,3.41%,7.87%,0.58%,4.12%,5.46%,8.44%,0.04%,0.28%,0.31%,7.46%,5.92%,0.06%,10.65%,2.97%
R13*,顯嘉,9425,58.81%,230.293796054195,493.794865700024,5.70691704302353,240.569764677918,395.639410506299,527.794865700024,525.277632517233,58.9139529355836,178.052293796054,373.242690753506,11.1552174946518,175.793677204659,257.0527691942,213.879961968148,6.22415022581412,23.8276681720941,36.20703589256,511.277632517233,342.207986688852,3.96553363441883,662.692179700499,205.190396957452,5478.76039933444,64.41407178512,63.09%,31.53%,5.38%,4.20%,9.01%,0.10%,4.39%,7.22%,9.63%,9.59%,1.08%,3.25%,6.81%,0.20%,3.21%,4.69%,3.90%,0.11%,0.43%,0.66%,9.33%,6.25%,0.07%,12.10%,3.75%
R14,下城門,8384,54.32%,166,220,7,229,319,332,370,40,109,442,13,118,321,114,3,21,15,355,324,2,829,139,4488,66,53.36%,41.89%,4.75%,3.70%,4.90%,0.16%,5.10%,7.11%,7.40%,8.24%,0.89%,2.43%,9.85%,0.29%,2.63%,7.15%,2.54%,0.07%,0.47%,0.33%,7.91%,7.22%,0.04%,18.47%,3.10%
R15*,雲城,9627,64.29%,342.205482835268,531.464559150408,6.77500617436404,213.089404791307,353.366263274883,578.868115584095,572.914546801679,126.650037046184,185.191158310694,517.187700666831,15.5267967399358,371.407261052112,212.460854531983,273.903679920968,3.38750308718202,14.8214373919486,21.9375154359101,475.085947147444,338.382316621388,2.04643121758459,790.730797727834,191.764386268214,6139.16720177822,49.8982464806125,57.65%,34.60%,7.75%,5.57%,8.66%,0.11%,3.47%,5.76%,9.43%,9.33%,2.06%,3.02%,8.42%,0.25%,6.05%,3.46%,4.46%,0.06%,0.24%,0.36%,7.74%,5.51%,0.03%,12.88%,3.12%
R16*,徑口,12159,58.41%,298.500721110537,658.740575149569,12.5180767826124,275.340830530776,447.994326218818,636.337018715881,649.807820681087,109.436010018232,208.756547893252,568.569608579663,24.3179857654124,314.799061743229,310.486376273817,256.216358110884,6.38834668700386,21.3508944359572,37.8554486715299,552.636420335323,390.40969668976,5.98803514799659,972.577022571667,272.045216774334,7031.07239888734,70.6876817342675,58.36%,35.66%,5.98%,4.25%,9.37%,0.18%,3.92%,6.37%,9.05%,9.24%,1.56%,2.97%,8.09%,0.35%,4.48%,4.42%,3.64%,0.09%,0.30%,0.54%,7.86%,5.55%,0.09%,13.83%,3.87%
R17*,田心,8702,53.88%,188.913163335631,257.881461061337,4.99770273374684,224.896623018608,362.833218470021,401.815299793246,361.833677923271,24.9885136687342,105.951297955433,303.860326211808,76.9646220997014,126.94164943717,299.86216402481,217.899839191362,3.99816218699747,9.99540546749368,22.9894325752355,369.830002297266,305.859407305307,2.9986216402481,867.601194578452,105.951297955433,4648.86308293131,39.9816218699747,56.40%,38.89%,4.71%,4.06%,5.55%,0.11%,4.84%,7.80%,8.64%,7.78%,0.54%,2.28%,6.54%,1.66%,2.73%,6.45%,4.69%,0.09%,0.22%,0.49%,7.96%,6.58%,0.06%,18.66%,2.28%
R18*,翠嘉,9639,56.48%,287.804646896973,268.159278508102,7.85814735554876,223.95719963314,379.155609905228,429.251299296851,366.386120452461,37.3261999388566,166.985631305411,480.329257107918,25.5389789055335,168.950168144298,337.900336288597,763.222561907674,9.82268419443595,1.96453683888719,18.6630999694283,367.368388871905,319.237236319168,1.96453683888719,531.407214918985,160.109752369306,5353.3628859676,90.3686945888108,61.41%,32.37%,6.22%,5.38%,5.01%,0.15%,4.18%,7.08%,8.02%,6.84%,0.70%,3.12%,8.97%,0.48%,3.16%,6.31%,14.26%,0.18%,0.04%,0.35%,6.86%,5.96%,0.04%,9.93%,2.99%
R19,大圍,12339,60.02%,301,382,7,258,430,574,630,64,208,2098,24,171,382,444,1,17,28,483,429,3,200,111,7245,161,53.25%,41.61%,5.13%,4.15%,5.27%,0.10%,3.56%,5.94%,7.92%,8.70%,0.88%,2.87%,28.96%,0.33%,2.36%,5.27%,6.13%,0.01%,0.23%,0.39%,6.67%,5.92%,0.04%,2.76%,1.53%
R20,松田,8254,62.61%,239,354,11,183,279,479,491,88,189,701,16,242,188,236,1,14,27,358,321,3,576,135,5131,37,56.66%,36.76%,6.59%,4.66%,6.90%,0.21%,3.57%,5.44%,9.34%,9.57%,1.72%,3.68%,13.66%,0.31%,4.72%,3.66%,4.60%,0.02%,0.27%,0.53%,6.98%,6.26%,0.06%,11.23%,2.63%
R21,穗禾,8074,67.30%,212,441,10,196,318,488,789,115,142,935,17,269,129,192,2,20,30,435,239,1,252,153,5385,49,60.56%,33.18%,6.26%,3.94%,8.19%,0.19%,3.64%,5.91%,9.06%,14.65%,2.14%,2.64%,17.36%,0.32%,5.00%,2.40%,3.57%,0.04%,0.37%,0.56%,8.08%,4.44%,0.02%,4.68%,2.84%
R22,火炭,7926,64.21%,180,327,4,154,273,541,537,194,137,664,29,356,132,185,0,10,42,428,229,0,457,176,5055,34,55.81%,36.72%,7.48%,3.56%,6.47%,0.08%,3.05%,5.40%,10.70%,10.62%,3.84%,2.71%,13.14%,0.57%,7.04%,2.61%,3.66%,0.00%,0.20%,0.83%,8.47%,4.53%,0.00%,9.04%,3.48%
R23,駿馬,6383,71.16%,174,384,8,108,205,516,454,185,142,553,11,383,118,191,1,13,13,265,171,1,419,202,4517,25,54.24%,37.64%,8.12%,3.85%,8.50%,0.18%,2.39%,4.54%,11.42%,10.05%,4.10%,3.14%,12.24%,0.24%,8.48%,2.61%,4.23%,0.02%,0.29%,0.29%,5.87%,3.79%,0.02%,9.28%,4.47%
R24,頌安,11580,65.55%,192,442,20,253,412,1022,594,134,211,1815,9,330,204,240,3,22,24,527,646,2,277,148,7527,64,58.07%,37.33%,4.60%,2.55%,5.87%,0.27%,3.36%,5.47%,13.58%,7.89%,1.78%,2.80%,24.11%,0.12%,4.38%,2.71%,3.19%,0.04%,0.29%,0.32%,7.00%,8.58%,0.03%,3.68%,1.97%
R25,錦濤,12285,63.91%,250,521,11,266,476,1009,680,111,222,1820,7,306,236,262,6,33,23,583,539,3,207,220,7791,60,58.97%,36.26%,4.77%,3.21%,6.69%,0.14%,3.41%,6.11%,12.95%,8.73%,1.42%,2.85%,23.36%,0.09%,3.93%,3.03%,3.36%,0.08%,0.42%,0.30%,7.48%,6.92%,0.04%,2.66%,2.82%
R26,馬鞍山市中心,9438,69.77%,262,441,18,222,357,846,704,243,212,769,5,464,215,285,5,17,27,550,317,1,352,234,6546,39,60.37%,31.64%,7.99%,4.00%,6.74%,0.27%,3.39%,5.45%,12.92%,10.75%,3.71%,3.24%,11.75%,0.08%,7.09%,3.28%,4.35%,0.08%,0.26%,0.41%,8.40%,4.84%,0.02%,5.38%,3.57%
R27*,利安,10414,61.25%,175.480510995823,444.380424490109,8.23156035073052,246.443239742561,356.817200766395,615.981373491774,582.565720940777,95.3402642870405,180.56273591589,934.635213807104,11.021719618064,326.057601221183,252.512968646509,230.517022340223,5.21902049208886,10.9968323924027,35.0073080890248,654.659560971591,552.05257173395,0.625074765839125,411.760597583789,168.42189082941,6299.29041347228,79.1683707719229,61.52%,34.05%,4.43%,2.79%,7.05%,0.13%,3.91%,5.66%,9.78%,9.25%,1.51%,2.87%,14.84%,0.17%,5.18%,4.01%,3.66%,0.08%,0.17%,0.56%,10.39%,8.76%,0.01%,6.54%,2.67%
R28*,富龍,11678,65.00%,212.044022826651,698.447046616764,20.7716593789372,265.704142888905,409.374786926555,739.990365374639,703.639961461499,167.038760838954,236.277625435411,696.716075001853,12.11680130438,409.374786926555,261.376713851627,285.610316460387,6.05840065219002,19.0406877640258,32.0229748758616,639.594011709776,479.479137330468,0.865485807455718,1019.54228118284,209.447565404284,7524.53361002002,65.7769213666346,59.51%,35.17%,5.31%,2.82%,9.28%,0.28%,3.53%,5.44%,9.83%,9.35%,2.22%,3.14%,9.26%,0.16%,5.44%,3.47%,3.80%,0.08%,0.25%,0.43%,8.50%,6.37%,0.01%,13.55%,2.78%
R29*,烏溪沙,6522,71.38%,170.475466177526,362.172528893127,7.99678027033228,200.852617368534,290.80801230705,502.028261133588,474.794317597723,92.6209748740055,147.159638648699,666.648711191043,7.861479077556,232.567611852262,180.110317501864,187.87266119939,3.72257885572112,8.96247984357152,24.9697170351136,396.746427318635,243.468290935583,0.509439426705158,293.697121233371,120.130543766306,4616.17597650771,39.0547078614425,60.99%,33.14%,5.87%,3.69%,7.85%,0.17%,4.35%,6.30%,10.88%,10.29%,2.01%,3.19%,14.44%,0.17%,5.04%,3.90%,4.07%,0.08%,0.19%,0.54%,8.59%,5.27%,0.01%,6.36%,2.60%
R30,錦英,10778,67.06%,231,577,18,269,388,742,752,143,220,1144,9,321,288,252,4,31,41,634,466,1,431,198,7160,68,60.50%,34.02%,5.47%,3.23%,8.06%,0.25%,3.76%,5.42%,10.36%,10.50%,2.00%,3.07%,15.98%,0.13%,4.48%,4.02%,3.52%,0.06%,0.43%,0.57%,8.85%,6.51%,0.01%,6.02%,2.77%
R31,耀安,13496,56.97%,233,541,15,334,533,875,693,70,193,1490,8,187,328,238,4,14,30,731,558,2,197,262,7536,152,62.53%,33.25%,4.22%,3.09%,7.18%,0.20%,4.43%,7.07%,11.61%,9.20%,0.93%,2.56%,19.77%,0.11%,2.48%,4.35%,3.16%,0.05%,0.19%,0.40%,9.70%,7.40%,0.03%,2.61%,3.48%
R32,恒安,15396,54.66%,247,878,11,316,626,854,713,88,245,942,7,220,944,279,6,28,36,749,496,2,282,319,8288,128,62.57%,33.25%,4.17%,2.98%,10.59%,0.13%,3.81%,7.55%,10.30%,8.60%,1.06%,2.96%,11.37%,0.08%,2.65%,11.39%,3.37%,0.07%,0.34%,0.43%,9.04%,5.98%,0.02%,3.40%,3.85%
R33*,鞍泰,12129,67.55%,242.913704155333,588.651346027577,6.0054403902073,313.759403433074,486.624144076541,969.18028327549,876.925335334396,138.834818497327,291.520776662602,1710.10561860989,15.4092486633524,396.160491511115,174.499015101773,357.729481286934,2.00272019510365,21.6125128974768,24.214145014539,677.046993715411,401.824688115561,0.20054403902073,255.556139198949,180.263108526405,8131.03995872808,62.634274458306,61.31%,33.92%,4.77%,2.99%,7.24%,0.07%,3.86%,5.98%,11.92%,10.78%,1.71%,3.59%,21.03%,0.19%,4.87%,2.15%,4.40%,0.02%,0.27%,0.30%,8.33%,4.94%,0.00%,3.14%,2.22%
R34*,大水坑,11229,57.85%,208.086295844668,446.348653972423,8.9945596097927,277.240596566926,410.375855923459,674.81971672451,576.074664665604,61.1651815026733,206.479223337398,1412.89438139011,15.5907513366476,263.839508488885,293.500984898227,244.270518713066,6.99727980489635,27.3874871025232,26.785854985461,449.953006284589,420.175311884439,1.79945596097927,279.443860801051,113.736891473595,6425.96004127192,70.365725541694,58.12%,37.55%,4.33%,3.24%,6.95%,0.14%,4.31%,6.39%,10.50%,8.96%,0.95%,3.21%,21.99%,0.24%,4.11%,4.57%,3.80%,0.11%,0.43%,0.42%,7.00%,6.54%,0.03%,4.35%,1.77%
R35,愉欣,9838,64.71%,228,396,11,283,379,685,696,120,239,464,37,246,173,293,5,23,26,544,295,1,964,212,6320,46,60.66%,33.66%,5.68%,3.61%,6.27%,0.17%,4.48%,6.00%,10.84%,11.01%,1.90%,3.78%,7.34%,0.59%,3.89%,2.74%,4.64%,0.08%,0.36%,0.41%,8.61%,4.67%,0.02%,15.25%,3.35%
R36,碧湖,8817,70.06%,255,522,9,203,342,615,609,128,188,1308,11,289,166,257,2,19,26,480,289,0,260,154,6132,45,57.47%,36.14%,6.39%,4.16%,8.51%,0.15%,3.31%,5.58%,10.03%,9.93%,2.09%,3.07%,21.33%,0.18%,4.71%,2.71%,4.19%,0.03%,0.31%,0.42%,7.83%,4.71%,0.00%,4.24%,2.51%
R37,廣康,10493,65.17%,211,466,12,282,395,814,763,146,210,1085,55,256,193,231,6,20,22,461,388,2,622,154,6794,44,59.35%,35.22%,5.43%,3.11%,6.86%,0.18%,4.15%,5.81%,11.98%,11.23%,2.15%,3.09%,15.97%,0.81%,3.77%,2.84%,3.40%,0.09%,0.29%,0.32%,6.79%,5.71%,0.03%,9.16%,2.27%
R38,廣源,9210,56.28%,136,229,8,233,393,564,456,29,124,394,22,113,222,133,5,18,12,481,369,1,946,173,5061,122,59.30%,37.29%,3.42%,2.69%,4.52%,0.16%,4.60%,7.77%,11.14%,9.01%,0.57%,2.45%,7.79%,0.43%,2.23%,4.39%,2.63%,0.10%,0.36%,0.24%,9.50%,7.29%,0.02%,18.69%,3.42%
Misplaced,入錯票箱,-,-,6,3,1,1,4,8,4,2,3,3,0,2,5,2,0,2,0,3,0,0,4,4,57,-57,-,-,-,-,-,-,-,-,-,-,-,-,-,-,-,-,-,-,-,-,-,-,-,-,-
