號碼,選區,選民人數,涂謹申,李慧琼,鄺俊宇,何啟明,陳琬琛,王國興,關永業,梁耀忠,周浩鼎,總有效,非建制,建制,得票率差,涂謹申%,李慧琼%,鄺俊宇%,何啟明%,陳琬琛%,王國興%,關永業%,梁耀忠%,周浩鼎%
A01*,中環,3697.09390709833,380.5312688518,502.571687110396,549.480394128293,6.84918560225216,35.2545747033984,192.207520611301,10.3448622561834,198.190227227026,197.971244721496,2073.40096521215,56.94%,43.06%,13.89%,18.35%,24.24%,26.50%,0.33%,1.70%,9.27%,0.50%,9.56%,9.55%
A02*,半山東,5150.80327026796,562.225580001712,771.570927146648,873.123277116685,16.4526153582741,59.5698142282339,221.259309990583,16.4526153582741,306.359044602346,302.387723653797,3129.40090745655,58.61%,41.39%,17.22%,17.97%,24.66%,27.90%,0.53%,1.90%,7.07%,0.53%,9.79%,9.66%
A03*,衛城,5315.19672973204,590.774419998288,801.429072853352,870.876722883315,17.5473846417259,65.4301857717661,205.740690009417,18.5473846417259,315.640955397654,280.612276346203,3166.59909254345,59.33%,40.67%,18.66%,18.66%,25.31%,27.50%,0.55%,2.07%,6.50%,0.59%,9.97%,8.86%
A04*,山頂,4000.90609290167,276.4687311482,672.428312889604,501.519605871707,10.1508143977478,67.7454252966017,134.792479388699,7.65513774381661,126.809772772974,349.028755278504,2146.59903478785,46.14%,53.86%,-7.73%,12.88%,31.33%,23.36%,0.47%,3.16%,6.28%,0.36%,5.91%,16.26%
A05*,大學,6474.78648495725,659.34111677469,978.867773371573,1125.37357968688,12.1134514185525,59.4010425140787,283.946261835437,29.8355229447805,446.904898820524,392.412442659297,3988.19609002581,58.50%,41.50%,16.99%,16.53%,24.54%,28.22%,0.30%,1.49%,7.12%,0.75%,11.21%,9.84%
A06,堅摩,6243,648,1089,1043,30,69,282,31,448,180,3820,59.40%,40.60%,18.80%,16.96%,28.51%,27.30%,0.79%,1.81%,7.38%,0.81%,11.73%,4.71%
A07*,觀龍,7663.21351504275,651.65888322531,1482.13222662843,1040.62642031312,24.8865485814475,63.5989574859213,435.053738164563,45.1644770552195,564.095101179476,228.587557340703,4535.80390997419,52.69%,47.31%,5.39%,14.37%,32.68%,22.94%,0.55%,1.40%,9.59%,1.00%,12.44%,5.04%
A08,西環,6822,627,1235,1084,32,59,403,37,532,219,4228,56.08%,43.92%,12.16%,14.83%,29.21%,25.64%,0.76%,1.40%,9.53%,0.88%,12.58%,5.18%
A09,寶翠,8353,771,1009,1315,24,70,548,31,643,374,4785,59.64%,40.36%,19.29%,16.11%,21.09%,27.48%,0.50%,1.46%,11.45%,0.65%,13.44%,7.82%
A10*,石塘咀,7318.81146881288,600.203118712274,903.094466800805,1051.35181086519,12.7533199195171,57.389939637827,670.346378269618,30.2891348088531,527.66861167002,252.675150905433,4105.77193158954,55.52%,44.48%,11.05%,14.62%,22.00%,25.61%,0.31%,1.40%,16.33%,0.74%,12.85%,6.15%
A11,西營盤,6686,470,976,776,20,49,531,27,440,210,3499,50.93%,49.07%,1.86%,13.43%,27.89%,22.18%,0.57%,1.40%,15.18%,0.77%,12.58%,6.00%
A12*,上環,6016.7210584344,611.28776185226,835.621830209482,840.448732083793,13.4343991179713,61.606394707828,445.03197353914,26.4773980154355,408.334068357222,223.558985667034,3465.80154355017,56.60%,43.40%,13.20%,17.64%,24.11%,24.25%,0.39%,1.78%,12.84%,0.76%,11.78%,6.45%
A13*,東華,4547.2789415656,423.71223814774,735.378169790518,680.551267916207,11.5656008820287,45.393605292172,232.96802646086,17.5226019845645,315.665931642778,140.441014332966,2603.19845644983,57.41%,42.59%,14.81%,16.28%,28.25%,26.14%,0.44%,1.74%,8.95%,0.67%,12.13%,5.39%
A14,正街,5798,607,694,925,14,69,434,29,460,201,3433,61.29%,38.71%,22.58%,17.68%,20.22%,26.94%,0.41%,2.01%,12.64%,0.84%,13.40%,5.85%
A15*,水街,6370.18853118712,622.796881287726,874.905533199195,971.648189134809,25.2466800804829,66.610060362173,440.653621730382,30.7108651911469,520.33138832998,244.324849094567,3797.22806841046,58.92%,41.08%,17.84%,16.40%,23.04%,25.59%,0.66%,1.75%,11.60%,0.81%,13.70%,6.43%
B01*,軒尼詩,4529.14554670529,364.649710354815,538.504706734251,578.62509051412,11.5903330919623,42.795076031861,321.854634322954,16.0481535119479,290.649891383056,159.589971035482,2324.30756698045,56.12%,43.88%,12.24%,15.69%,23.17%,24.89%,0.50%,1.84%,13.85%,0.69%,12.50%,6.87%
B02*,愛群,5371.73908441431,433.97240883242,740.883265446303,700.534734932491,8.83336798535935,44.0730543377013,309.422332811915,26.7666562521323,392.985592048009,172.232202699688,2829.70361534602,56.80%,43.20%,13.59%,15.34%,26.18%,24.76%,0.31%,1.56%,10.93%,0.95%,13.89%,6.09%
B03*,鵝頸,4224.88831310514,336.198009000409,574.173462430111,569.558979953634,8.56975317059866,58.0106368471294,228.087276694395,16.4802945588436,235.338606300286,158.210827764898,2184.6278467203,56.04%,43.96%,12.07%,15.39%,26.28%,26.07%,0.39%,2.66%,10.44%,0.75%,10.77%,7.24%
B04*,維園,5598.54246575343,506.557658779577,693.015691158157,807.451307596513,13.6042341220423,63.2196762141968,426.532752179328,17.6054794520548,424.932254047323,229.671481942715,3182.59053549191,57.61%,42.39%,15.21%,15.92%,21.78%,25.37%,0.43%,1.99%,13.40%,0.55%,13.35%,7.22%
B05*,天后,6623.45753424658,637.442341220423,829.984308841843,896.548692403487,19.3957658779577,52.7803237858032,661.467247820673,39.3945205479452,481.067745952677,234.328518057285,3852.40946450809,55.20%,44.80%,10.41%,16.55%,21.54%,23.27%,0.50%,1.37%,17.17%,1.02%,12.49%,6.08%
B06,銅鑼灣,4553,395,442,505,13,32,298,11,271,181,2148,57.12%,42.88%,14.25%,18.39%,20.58%,23.51%,0.61%,1.49%,13.87%,0.51%,12.62%,8.43%
B07,大坑,4846,500,598,806,14,45,256,25,369,207,2820,62.38%,37.62%,24.75%,17.73%,21.21%,28.58%,0.50%,1.60%,9.08%,0.89%,13.09%,7.34%
B08,渣甸山,4568,403,783,619,13,57,196,8,206,432,2717,48.07%,51.93%,-3.86%,14.83%,28.82%,22.78%,0.48%,2.10%,7.21%,0.29%,7.58%,15.90%
B09,樂活,4301,381,680,707,10,55,197,12,278,353,2673,53.98%,46.02%,7.97%,14.25%,25.44%,26.45%,0.37%,2.06%,7.37%,0.45%,10.40%,13.21%
B10*,跑馬地,4522.85304247991,419.956371986223,678.529276693456,679.582089552239,15.1607347876005,78.2858783008037,166.938002296211,8.08036739380023,301.696900114811,188.509758897819,2536.73938002296,59.24%,40.76%,18.48%,16.55%,26.75%,26.79%,0.60%,3.09%,6.58%,0.32%,11.89%,7.43%
B11*,司徒拔道,4118.37401329535,342.223499826132,636.90928869588,545.699105047516,6.84581096447918,60.8353544825047,188.697753874524,9.624528283276,206.329010153838,214.457239602113,2211.62159093026,52.97%,47.03%,5.95%,15.47%,28.80%,24.67%,0.31%,2.75%,8.53%,0.44%,9.33%,9.70%
B12,修頓,4127,370,564,639,14,47,222,21,276,171,2324,58.82%,41.18%,17.64%,15.92%,24.27%,27.50%,0.60%,2.02%,9.55%,0.90%,11.88%,7.36%
B13,大佛口,4299,315,764,596,15,38,168,24,305,136,2361,54.76%,45.24%,9.53%,13.34%,32.36%,25.24%,0.64%,1.61%,7.12%,1.02%,12.92%,5.76%
C01,太古城西,7246,880,788,1258,10,46,331,18,544,384,4259,64.71%,35.29%,29.42%,20.66%,18.50%,29.54%,0.23%,1.08%,7.77%,0.42%,12.77%,9.02%
C02,太古城東,8233,923,1087,1511,26,68,413,24,717,434,5203,62.83%,37.17%,25.66%,17.74%,20.89%,29.04%,0.50%,1.31%,7.94%,0.46%,13.78%,8.34%
C03*,鯉景灣,8049.13472163196,942.384785380365,998.094687632809,1361.95597110072,25.9869953251169,84.204844878878,671.368890777731,31.7286867828304,755.386230344241,368.88729281768,5239.99838504037,61.10%,38.90%,22.20%,17.98%,19.05%,25.99%,0.50%,1.61%,12.81%,0.61%,14.42%,7.04%
C04,愛秩序灣,10824,978,1431,1343,40,88,950,64,754,325,5973,54.70%,45.30%,9.39%,16.37%,23.96%,22.48%,0.67%,1.47%,15.90%,1.07%,12.62%,5.44%
C05*,筲箕灣,6078.81022615536,547.543920026221,742.527531956736,906.276466732219,36.305637495903,63.0485086856768,470.25827597509,28.5870206489676,551.244346116028,200.277122254998,3546.06882989184,60.15%,39.85%,20.30%,15.44%,20.94%,25.56%,1.02%,1.78%,13.26%,0.81%,15.55%,5.65%
C06*,阿公岩,10286.1897738446,892.456079973779,1169.47246804326,1318.72353326778,36.694362504097,108.951491314323,995.74172402491,39.4129793510325,834.755653883972,313.722877745002,5709.93117010816,56.59%,43.41%,13.17%,15.63%,20.48%,23.10%,0.64%,1.91%,17.44%,0.69%,14.62%,5.49%
C07,杏花邨,8944,1133,1000,1790,34,98,972,40,855,530,6452,61.22%,38.78%,22.44%,17.56%,15.50%,27.74%,0.53%,1.52%,15.07%,0.62%,13.25%,8.21%
C08*,翠灣,8268.55014690701,532.23687763043,997.282220281109,841.450408957357,28.5329945207655,61.3385214007782,840.621535773843,40.0780592392599,626.283014373064,566.249741920114,4534.07337409672,46.98%,53.02%,-6.05%,11.74%,22.00%,18.56%,0.63%,1.35%,18.54%,0.88%,13.81%,12.49%
C09,欣藍,8216,837,936,1417,31,72,800,29,659,388,5169,58.91%,41.09%,17.82%,16.19%,18.11%,27.41%,0.60%,1.39%,15.48%,0.56%,12.75%,7.51%
C10*,小西灣,8041.33421687605,555.567754194617,600.142107485982,976.702996441426,39.7157574738352,67.7310328673272,1258.99286491228,35.9134018743624,635.716658598245,188.065104398999,4358.54767824707,53.03%,46.97%,6.06%,12.75%,13.77%,22.41%,0.91%,1.55%,28.89%,0.82%,14.59%,4.31%
C11,景怡,10563,993,914,1595,41,102,1400,57,901,360,6363,57.98%,42.02%,15.95%,15.61%,14.36%,25.07%,0.64%,1.60%,22.00%,0.90%,14.16%,5.66%
C12,環翠,8261,547,972,923,39,94,634,63,635,277,4184,55.00%,45.00%,9.99%,13.07%,23.23%,22.06%,0.93%,2.25%,15.15%,1.51%,15.18%,6.62%
C13,翡翠,8872,601,918,948,30,114,957,48,599,190,4405,53.12%,46.88%,6.24%,13.64%,20.84%,21.52%,0.68%,2.59%,21.73%,1.09%,13.60%,4.31%
C14*,柏架山,6796.36760594066,566.701675604821,1075.2805813982,861.788176129242,22.4716185007711,47.2121597497359,600.510420274682,26.4242658411683,427.792876002468,235.057791084746,3863.23956458583,50.54%,49.46%,1.08%,14.67%,27.83%,22.31%,0.58%,1.22%,15.54%,0.68%,11.07%,6.08%
C15*,寶馬山,5760.81214343928,558.852485741158,951.479217633849,950.887530587356,22.0044824778868,64.427057864548,312.984922574515,20.8863080682211,356.875713121676,433.003667476121,3671.40138554533,53.77%,46.23%,7.53%,15.22%,25.92%,25.90%,0.60%,1.75%,8.52%,0.57%,9.72%,11.79%
C16*,炮台山,6974.9347850231,691.485008758781,860.208624206135,1138.39569746698,21.2543442789407,71.6710707904938,651.864535216993,20.8197461941813,533.626184756849,305.805939935383,4295.13115160474,57.68%,42.32%,15.35%,16.10%,20.03%,26.50%,0.49%,1.67%,15.18%,0.48%,12.42%,7.12%
C17*,城市花園,7097.18907756317,607.361209251699,696.794831443067,995.781530125772,19.4292429918035,59.7317833842961,1063.09395103177,25.0414077272409,483.335610754817,297.181792687576,4247.75135939804,51.57%,48.43%,3.15%,14.30%,16.40%,23.44%,0.46%,1.41%,25.03%,0.59%,11.38%,7.00%
C18*,和富,9370.89588265521,747.154535907483,882.163346369043,1292.77650581815,27.2157992367956,82.3364195175333,1488.81391738964,33.8985379276415,610.248922809482,405.273177203598,5569.88116217937,50.16%,49.84%,0.31%,13.41%,15.84%,23.21%,0.49%,1.48%,26.73%,0.61%,10.96%,7.28%
C19*,堡壘,6905.84145141884,479.243092791705,738.372859050933,924.942200610958,15.8433232285092,64.1948898260337,942.300457145445,19.3111173582182,471.600715789314,280.610357156858,3936.41901295797,50.18%,49.82%,0.35%,12.17%,18.76%,23.50%,0.40%,1.63%,23.94%,0.49%,11.98%,7.13%
C20*,錦屏,7583.3689836927,545.850395227646,702.546936415342,892.453674457903,20.3524888848419,61.4597368527968,1208.53820288105,29.0602801192272,459.031646870478,275.431707279869,4194.72506898915,47.87%,52.13%,-4.25%,13.01%,16.75%,21.28%,0.49%,1.47%,28.81%,0.69%,10.94%,6.57%
C21*,丹拿,6713.74827969089,721.987658740713,753.581208143629,1069.60044719118,19.5066372507111,73.7586286403706,753.050834317837,27.5091315623464,557.066949115617,279.602228219304,4255.66372318171,58.03%,41.97%,16.05%,16.97%,17.71%,25.13%,0.46%,1.73%,17.70%,0.65%,13.09%,6.57%
C22*,健康村,7220.68727079307,693.291764702253,925.21057275205,1010.62939769246,22.9406212723231,62.8008239303933,654.625856566689,29.1975543049796,557.747341978877,277.925428326763,4234.36936152679,56.13%,43.87%,12.25%,16.37%,21.85%,23.87%,0.54%,1.48%,15.46%,0.69%,13.17%,6.56%
C23*,鰂魚涌,5694.34572638194,516.995181872899,805.544713024142,798.14301910973,15.7585413901036,46.0426037646477,436.244467049385,26.8386013023193,412.467230086748,209.507106705295,3267.54146430527,55.58%,44.42%,11.17%,15.82%,24.65%,24.43%,0.48%,1.41%,13.35%,0.82%,12.62%,6.41%
C24*,南豐,7516.73646925295,885.304943504499,1013.0286983675,1293.07933012743,20.2667483298099,74.8196673599559,502.235735122245,33.0322463081526,610.335943798236,259.283172708928,4691.38648562676,62.17%,37.83%,24.35%,18.87%,21.59%,27.56%,0.43%,1.59%,10.71%,0.70%,13.01%,5.53%
C25*,康怡,6963.73149029045,883.540992786465,1041.72001794089,1360.77933855501,20.0029660308276,120.808103419025,424.357042922317,24.2947562815514,618.295707650539,377.26308130918,4871.06200689581,62.16%,37.84%,24.31%,18.14%,21.39%,27.94%,0.41%,2.48%,8.71%,0.50%,12.69%,7.74%
C26*,康山,6565.34083385774,801.231055109878,884.068393255217,1250.74315212783,18.9531861266759,101.73705490017,420.379657507433,20.6860470047522,559.575157264901,342.054549906379,4399.42825320324,62.57%,37.43%,25.15%,18.21%,20.10%,28.43%,0.43%,2.31%,9.56%,0.47%,12.72%,7.77%
C27,興東,11849,1063,933,1527,46,110,1688,64,1007,308,6746,56.58%,43.42%,13.16%,15.76%,13.83%,22.64%,0.68%,1.63%,25.02%,0.95%,14.93%,4.57%
C28*,西灣河,8028.86527836804,758.615214619635,841.905312367191,1130.04402889928,27.0130046748831,93.795155121122,791.63110922227,44.2713132171696,755.613769655759,234.11270718232,4677.00161495963,60.07%,39.93%,20.13%,16.22%,18.00%,24.16%,0.58%,2.01%,16.93%,0.95%,16.16%,5.01%
C29*,下耀東,8114.34058454558,655.446950487121,936.207126651541,1154.38128920326,41.1796343253703,79.6451354597624,781.434939276658,43.9627652475644,712.494061123716,263.088749499533,4667.84065127453,57.57%,42.43%,15.13%,14.04%,20.06%,24.73%,0.88%,1.71%,16.74%,0.94%,15.26%,5.64%
C30*,上耀東,7910.65941545442,520.553049512879,663.792873348459,948.618710796744,34.8203656746297,59.3548645402376,1278.56506072334,44.0372347524356,639.505938876285,178.911250500467,4368.15934872548,51.44%,48.56%,2.88%,11.92%,15.20%,21.72%,0.80%,1.36%,29.27%,1.01%,14.64%,4.10%
C31*,興民,8325.55337423313,537.99263803681,1226.26134969325,920.480981595092,42.8957055214724,72.8122699386503,705.18527607362,52.3018404907975,592.419631901841,208.415950920245,4358.76564417178,50.91%,49.09%,1.81%,12.34%,28.13%,21.12%,0.98%,1.67%,16.18%,1.20%,13.59%,4.78%
C32*,樂康,7458.44662576687,684.00736196319,840.738650306749,1101.51901840491,17.1042944785276,65.1877300613497,655.81472392638,38.6981595092025,653.58036809816,274.584049079755,4331.23435582822,59.11%,40.89%,18.22%,15.79%,19.41%,25.43%,0.39%,1.51%,15.14%,0.89%,15.09%,6.34%
C33*,翠德,6574.76351941555,615.366711665211,819.890812356071,1021.50385134599,23.9417930596363,68.8287937743191,592.387278646867,33.8322083697292,582.558484872548,315.983006432145,4074.29294052252,57.58%,42.42%,15.16%,15.10%,20.12%,25.07%,0.59%,1.69%,14.54%,0.83%,14.30%,7.76%
C34*,漁灣,8088.35781783531,681.146271738267,1000.37004685143,1063.40149289288,30.4990867942508,66.420233463035,728.589295640435,41.3432065433177,662.1690621774,323.290320019058,4597.22901612007,55.36%,44.64%,10.72%,14.82%,21.76%,23.13%,0.66%,1.44%,15.85%,0.90%,14.40%,7.03%
C35*,佳曉,8447.99429896608,595.682384771476,763.314813025413,995.941250362354,36.3103681515122,62.6814184945405,1090.40902502657,53.8331239733308,717.272779978742,240.411827229684,4555.85699101362,54.03%,45.97%,8.07%,13.08%,16.75%,21.86%,0.80%,1.38%,23.93%,1.18%,15.74%,5.28%
D01,香港仔,9480,878,1067,1530,32,108,773,41,844,336,5609,61.21%,38.79%,22.41%,15.65%,19.02%,27.28%,0.57%,1.93%,13.78%,0.73%,15.05%,5.99%
D02,鴨脷洲邨,8286,506,1347,846,37,64,521,43,526,95,3985,50.74%,49.26%,1.48%,12.70%,33.80%,21.23%,0.93%,1.61%,13.07%,1.08%,13.20%,2.38%
D03,鴨脷洲北,5375,515,570,891,27,63,466,32,542,151,3257,63.56%,36.44%,27.11%,15.81%,17.50%,27.36%,0.83%,1.93%,14.31%,0.98%,16.64%,4.64%
D04,利東一,9650,906,1010,1491,30,66,663,44,684,183,5077,63.44%,36.56%,26.89%,17.85%,19.89%,29.37%,0.59%,1.30%,13.06%,0.87%,13.47%,3.60%
D05,利東二,8691,786,953,1152,20,65,642,21,452,139,4230,59.01%,40.99%,18.01%,18.58%,22.53%,27.23%,0.47%,1.54%,15.18%,0.50%,10.69%,3.29%
D06,海怡東,6302,784,1105,1294,19,76,374,25,554,375,4606,59.75%,40.25%,19.50%,17.02%,23.99%,28.09%,0.41%,1.65%,8.12%,0.54%,12.03%,8.14%
D07,海怡西,7004,794,1176,1502,24,91,371,31,617,468,5074,60.29%,39.71%,20.58%,15.65%,23.18%,29.60%,0.47%,1.79%,7.31%,0.61%,12.16%,9.22%
D08,華貴,10370,914,1428,1395,34,82,579,54,716,189,5391,59.27%,40.73%,18.53%,16.95%,26.49%,25.88%,0.63%,1.52%,10.74%,1.00%,13.28%,3.51%
D09,華富南,7450,620,845,783,27,33,703,46,403,90,3550,53.86%,46.14%,7.72%,17.46%,23.80%,22.06%,0.76%,0.93%,19.80%,1.30%,11.35%,2.54%
D10,華富北,8464,638,986,1037,36,62,592,34,495,107,3987,57.74%,42.26%,15.48%,16.00%,24.73%,26.01%,0.90%,1.56%,14.85%,0.85%,12.42%,2.68%
D11*,薄扶林,4547.07969151671,417.27763496144,647.856041131105,805.370179948586,10.2570694087404,71.3856041131106,177.020565552699,19.0642673521851,226.442159383033,327.221079691517,2701.89460154242,57.36%,42.64%,14.72%,15.44%,23.98%,29.81%,0.38%,2.64%,6.55%,0.71%,8.38%,12.11%
D12*,置富,7715.92030848329,896.72236503856,1012.14395886889,1410.62982005141,35.7429305912596,78.6143958868895,438.979434447301,25.9357326478149,741.557840616967,319.778920308483,4960.10539845758,64.30%,35.70%,28.59%,18.08%,20.41%,28.44%,0.72%,1.58%,8.85%,0.52%,14.95%,6.45%
D13,田灣,8676,606,993,1052,39,72,585,51,671,156,4225,58.96%,41.04%,17.92%,14.34%,23.50%,24.90%,0.92%,1.70%,13.85%,1.21%,15.88%,3.69%
D14,石漁,11105,634,1532,1178,23,101,821,65,739,127,5220,52.49%,47.51%,4.98%,12.15%,29.35%,22.57%,0.44%,1.93%,15.73%,1.25%,14.16%,2.43%
D15,黃竹坑,8120,861,738,1228,32,77,1025,34,603,254,4852,58.43%,41.57%,16.86%,17.75%,15.21%,25.31%,0.66%,1.59%,21.13%,0.70%,12.43%,5.23%
D16,海灣,2944,199,508,317,3,62,92,7,111,243,1542,45.33%,54.67%,-9.34%,12.91%,32.94%,20.56%,0.19%,4.02%,5.97%,0.45%,7.20%,15.76%
D17,赤柱及石澳,7018,468,1140,819,23,67,518,39,443,208,3725,49.91%,50.09%,-0.19%,12.56%,30.60%,21.99%,0.62%,1.80%,13.91%,1.05%,11.89%,5.58%
E01*,尖沙咀西,3570.27627976437,278.313448933875,645.437567410603,598.941342404381,7.76387621339086,39.1218783705302,201.118642661578,7.93362648303327,216.267734174065,269.515805193728,2264.41392184518,50.71%,49.29%,1.43%,12.29%,28.50%,26.45%,0.34%,1.73%,8.88%,0.35%,9.55%,11.90%
E02*,佐敦南,5552.12546436369,355.322368919127,795.328523733799,558.717206838015,13.3617046808028,37.1158463355634,208.376073218255,16.3309723876479,284.554821905986,159.595923762582,2428.70344178178,52.10%,47.90%,4.20%,14.63%,32.75%,23.00%,0.55%,1.53%,8.58%,0.67%,11.72%,6.57%
E03*,佐敦西,6445.27610553698,498.464101559302,1085.98046737234,661.700149874205,31.2712736235447,37.5255283482536,291.648345190519,17.511913229185,369.001028757827,129.767128871287,3122.86993682646,51.73%,48.27%,3.46%,15.96%,34.78%,21.19%,1.00%,1.20%,9.34%,0.56%,11.82%,4.16%
E04,油麻地南,7094,539,1149,870,54,60,335,38,501,199,3745,55.06%,44.94%,10.12%,14.39%,30.68%,23.23%,1.44%,1.60%,8.95%,1.01%,13.38%,5.31%
E05*,富榮,8562.16335866598,972.078801741312,1220.56371283111,1253.35497675791,34.2486534346639,58.2955803143216,383.293440566664,31.3338744189478,725.051280159374,335.928281561278,5014.14860178558,61.31%,38.69%,22.63%,19.39%,24.34%,25.00%,0.68%,1.16%,7.64%,0.62%,14.46%,6.70%
E06,旺角西,5579,395,467,585,27,22,380,18,392,130,2416,59.56%,40.44%,19.12%,16.35%,19.33%,24.21%,1.12%,0.91%,15.73%,0.75%,16.23%,5.38%
E07*,富柏,8747.83664133402,790.921198258688,1145.43628716889,1051.64502324209,49.7513465653361,74.7044196856785,703.706559433336,28.6661255810522,651.948719840626,235.071718438722,4731.85139821442,55.95%,44.05%,11.91%,16.71%,24.21%,22.22%,1.05%,1.58%,14.87%,0.61%,13.78%,4.97%
E08,奧運,4129,654,553,732,14,22,247,10,265,273,2770,61.26%,38.74%,22.53%,23.61%,19.96%,26.43%,0.51%,0.79%,8.92%,0.36%,9.57%,9.86%
E09,櫻桃,5056,435,530,661,19,22,644,20,346,152,2829,53.13%,46.87%,6.26%,15.38%,18.73%,23.37%,0.67%,0.78%,22.76%,0.71%,12.23%,5.37%
E10,大角咀南,6156,573,988,739,25,42,387,34,450,143,3381,55.10%,44.90%,10.20%,16.95%,29.22%,21.86%,0.74%,1.24%,11.45%,1.01%,13.31%,4.23%
E11,大角咀北,6881,622,1335,826,34,39,431,29,493,312,4121,49.58%,50.42%,-0.85%,15.09%,32.40%,20.04%,0.83%,0.95%,10.46%,0.70%,11.96%,7.57%
E12,大南,6932,605,667,902,30,25,472,29,569,232,3531,61.17%,38.83%,22.34%,17.13%,18.89%,25.55%,0.85%,0.71%,13.37%,0.82%,16.11%,6.57%
E13,旺角北,5892,455,595,711,25,30,524,23,356,159,2878,55.59%,44.41%,11.19%,15.81%,20.67%,24.70%,0.87%,1.04%,18.21%,0.80%,12.37%,5.52%
E14,旺角東,5510,548,528,836,17,32,483,18,386,201,3049,60.25%,39.75%,20.50%,17.97%,17.32%,27.42%,0.56%,1.05%,15.84%,0.59%,12.66%,6.59%
E15,旺角南,5160,444,480,619,16,28,341,19,359,185,2491,59.61%,40.39%,19.23%,17.82%,19.27%,24.85%,0.64%,1.12%,13.69%,0.76%,14.41%,7.43%
E16,油麻地北,4771,369,507,665,48,23,305,21,402,132,2472,61.81%,38.19%,23.62%,14.93%,20.51%,26.90%,1.94%,0.93%,12.34%,0.85%,16.26%,5.34%
E17,尖東及京士柏,2802,237,396,451,16,27,154,4,182,196,1663,55.14%,44.86%,10.28%,14.25%,23.81%,27.12%,0.96%,1.62%,9.26%,0.24%,10.94%,11.79%
E18*,尖沙咀中,5001.59825587193,342.364182146997,662.233908855598,538.341450757604,12.8744191058063,35.7622752939064,173.505284120167,15.7354011293188,274.177443919949,132.88827104369,2187.88263637304,55.73%,44.27%,11.46%,15.65%,30.27%,24.61%,0.59%,1.63%,7.93%,0.72%,12.53%,6.07%
E19*,佐敦北,3632.72389446302,298.535898440698,571.019532627665,396.299850125795,18.7287263764553,22.4744716517464,153.351654809481,10.488086770815,220.998971242173,68.2328711287131,1760.13006317354,54.97%,45.03%,9.94%,16.96%,32.44%,22.52%,1.06%,1.28%,8.71%,0.60%,12.56%,3.88%
F01,寶麗,7134,566,859,994,116,44,538,20,576,203,3916,59.14%,40.86%,18.28%,14.45%,21.94%,25.38%,2.96%,1.12%,13.74%,0.51%,14.71%,5.18%
F02,長沙灣,6154,573,703,1057,63,44,433,27,603,180,3683,64.27%,35.73%,28.54%,15.56%,19.09%,28.70%,1.71%,1.19%,11.76%,0.73%,16.37%,4.89%
F03,南昌北,5491,389,829,647,69,28,332,27,371,128,2820,54.29%,45.71%,8.58%,13.79%,29.40%,22.94%,2.45%,0.99%,11.77%,0.96%,13.16%,4.54%
F04,石硤尾,10214,712,1103,991,301,53,1186,35,683,196,5260,52.76%,47.24%,5.51%,13.54%,20.97%,18.84%,5.72%,1.01%,22.55%,0.67%,12.98%,3.73%
F05,南昌東,5991,396,786,801,312,23,290,24,432,139,3203,62.07%,37.93%,24.13%,12.36%,24.54%,25.01%,9.74%,0.72%,9.05%,0.75%,13.49%,4.34%
F06,南昌南,5976,447,678,784,60,38,379,29,420,167,3002,59.23%,40.77%,18.45%,14.89%,22.58%,26.12%,2.00%,1.27%,12.62%,0.97%,13.99%,5.56%
F07,南昌中,4700,275,827,436,43,23,248,16,296,77,2241,48.59%,51.41%,-2.81%,12.27%,36.90%,19.46%,1.92%,1.03%,11.07%,0.71%,13.21%,3.44%
F08,南昌西,7296,575,746,808,163,39,507,30,525,164,3557,60.16%,39.84%,20.33%,16.17%,20.97%,22.72%,4.58%,1.10%,14.25%,0.84%,14.76%,4.61%
F09,富昌,10882,608,1097,1101,275,79,1335,60,811,180,5546,52.90%,47.10%,5.81%,10.96%,19.78%,19.85%,4.96%,1.42%,24.07%,1.08%,14.62%,3.25%
F10,麗閣,8687,717,710,962,176,42,1134,20,654,189,4604,55.84%,44.16%,11.69%,15.57%,15.42%,20.89%,3.82%,0.91%,24.63%,0.43%,14.21%,4.11%
F11*,幸福,7297,484.413333333333,1236.02666666667,918.56,213.493333333333,34.92,405.026666666667,27.5733333333333,513.786666666667,192.946666666667,4026.74666666667,54.45%,45.55%,8.91%,12.03%,30.70%,22.81%,5.30%,0.87%,10.06%,0.68%,12.76%,4.79%
F12*,荔枝角南,8582,572.586666666667,1285.97333333333,1213.44,398.506666666667,46.08,453.973333333333,32.4266666666667,720.213333333333,244.053333333333,4967.25333333333,60.06%,39.94%,20.12%,11.53%,25.89%,24.43%,8.02%,0.93%,9.14%,0.65%,14.50%,4.91%
F13,美孚南,7161,700,1305,1191,20,61,356,18,566,378,4595,55.63%,44.37%,11.25%,15.23%,28.40%,25.92%,0.44%,1.33%,7.75%,0.39%,12.32%,8.23%
F14,美孚中,6286,669,979,1089,27,67,335,18,565,242,3991,61.01%,38.99%,22.02%,16.76%,24.53%,27.29%,0.68%,1.68%,8.39%,0.45%,14.16%,6.06%
F15,美孚北,6842,704,1039,1187,30,63,377,22,660,346,4428,60.21%,39.79%,20.42%,15.90%,23.46%,26.81%,0.68%,1.42%,8.51%,0.50%,14.91%,7.81%
F16,荔枝角中,5926,687,817,1338,34,61,382,23,642,409,4393,63.40%,36.60%,26.79%,15.64%,18.60%,30.46%,0.77%,1.39%,8.70%,0.52%,14.61%,9.31%
F17,荔枝角北,4109,355,487,529,71,24,323,18,390,144,2341,59.25%,40.75%,18.50%,15.16%,20.80%,22.60%,3.03%,1.03%,13.80%,0.77%,16.66%,6.15%
F18,元州及蘇屋,9978,731,1957,1014,140,55,482,44,715,142,5280,51.12%,48.88%,2.23%,13.84%,37.06%,19.20%,2.65%,1.04%,9.13%,0.83%,13.54%,2.69%
F19,李鄭屋,8899,777,732,1113,214,49,868,28,696,157,4634,62.08%,37.92%,24.17%,16.77%,15.80%,24.02%,4.62%,1.06%,18.73%,0.60%,15.02%,3.39%
F20,下白田,7605,529,709,752,115,43,727,35,612,115,3637,57.35%,42.65%,14.71%,14.54%,19.49%,20.68%,3.16%,1.18%,19.99%,0.96%,16.83%,3.16%
F21,又一村,4544,439,616,838,22,50,243,18,360,313,2899,59.57%,40.43%,19.14%,15.14%,21.25%,28.91%,0.76%,1.72%,8.38%,0.62%,12.42%,10.80%
F22,南山、大坑東及大坑西,8630,739,787,926,334,53,788,25,637,162,4451,60.98%,39.02%,21.95%,16.60%,17.68%,20.80%,7.50%,1.19%,17.70%,0.56%,14.31%,3.64%
F23,龍坪及上白田,7705,601,743,974,183,41,847,45,568,211,4213,57.25%,42.75%,14.50%,14.27%,17.64%,23.12%,4.34%,0.97%,20.10%,1.07%,13.48%,5.01%
G01*,馬頭圍,9148.9314240073,705.895139205842,1361.09790050205,1206.45972158832,146.279666818804,60.7092651757189,597.530807850297,35.5228206298494,693.999429484254,230.071086261981,5037.56583751712,56.55%,43.45%,13.10%,14.01%,27.02%,23.95%,2.90%,1.21%,11.86%,0.71%,13.78%,4.57%
G02*,馬坑涌,7097.98860435405,483.688219673921,1004.37621107207,884.387124189477,45.316746619401,37.2790110511968,556.384461302455,29.5604061423836,498.154647922193,203.255240890807,3742.4020688639,52.86%,47.14%,5.73%,12.92%,26.84%,23.63%,1.21%,1.00%,14.87%,0.79%,13.31%,5.43%
G03*,馬頭角,5788.20358667806,425.253074295474,868.362809564475,738.075320239112,46.2950469684031,31.7451750640478,470.225405636209,33.0678906917165,411.364560204953,152.77365499573,3177.16293766012,53.06%,46.94%,6.12%,13.38%,27.33%,23.23%,1.46%,1.00%,14.80%,1.04%,12.95%,4.81%
G04*,樂民,7242.0685759927,576.104860794158,719.902099497946,854.540278411684,35.7203331811958,51.2907348242812,1040.4691921497,27.4771793701506,501.000570515746,185.928913738019,3992.43416248288,51.25%,48.75%,2.50%,14.43%,18.03%,21.40%,0.89%,1.28%,26.06%,0.69%,12.55%,4.66%
G05,常樂,9682,660,1589,1182,333,79,420,40,643,177,5123,57.33%,42.67%,14.66%,12.88%,31.02%,23.07%,6.50%,1.54%,8.20%,0.78%,12.55%,3.46%
G06,何文田,7411,641,1061,1207,37,74,404,28,542,433,4427,57.13%,42.87%,14.25%,14.48%,23.97%,27.26%,0.84%,1.67%,9.13%,0.63%,12.24%,9.78%
G07,嘉道理,6740,571,802,1227,48,63,372,20,549,326,3978,62.29%,37.71%,24.59%,14.35%,20.16%,30.84%,1.21%,1.58%,9.35%,0.50%,13.80%,8.20%
G08,太子,5105,388,686,817,27,37,242,15,331,262,2805,57.58%,42.42%,15.15%,13.83%,24.46%,29.13%,0.96%,1.32%,8.63%,0.53%,11.80%,9.34%
G09,九龍塘,5835,434,837,855,10,47,320,17,398,364,3282,53.66%,46.34%,7.31%,13.22%,25.50%,26.05%,0.30%,1.43%,9.75%,0.52%,12.13%,11.09%
G10,龍城,5594,340,847,622,30,25,164,23,378,133,2562,55.35%,44.65%,10.69%,13.27%,33.06%,24.28%,1.17%,0.98%,6.40%,0.90%,14.75%,5.19%
G11*,宋皇臺,6671.81729529602,475.168787808668,676.253148656243,919.987835112889,102.117582889822,43.4442167201084,654.461240950712,23.2321576146243,440.862252487521,190.981884896367,3526.50910713695,56.85%,43.15%,13.70%,13.47%,19.18%,26.09%,2.90%,1.23%,18.56%,0.66%,12.50%,5.42%
G12*,啟德北,6760.84413085311,354.910198845414,1008.28094932649,628.393842206543,52.1366260423348,41.3887107119949,709.690186016677,33.6177036561899,453.206542655548,203.561257216164,3485.18601667736,44.87%,55.13%,-10.27%,10.18%,28.93%,18.03%,1.50%,1.19%,20.36%,0.96%,13.00%,5.84%
G13*,啟德南,5777.15586914689,306.089801154586,879.719050673509,563.606157793457,40.8633739576652,31.6112892880051,635.309813983323,32.3822963438101,377.793457344452,190.438742783836,3057.81398332264,44.23%,55.77%,-11.55%,10.01%,28.77%,18.43%,1.34%,1.03%,20.78%,1.06%,12.36%,6.23%
G14*,海心,7026.99051367187,525.889918221938,1092.00783070721,961.549720458522,49.270623522374,40.5315971646469,604.928892110624,32.1395455512756,541.618539385332,220.989219217096,4068.92588633902,52.86%,47.14%,5.73%,12.92%,26.84%,23.63%,1.21%,1.00%,14.87%,0.79%,13.31%,5.43%
G15,土瓜灣北,5092,255,1168,420,15,31,288,21,232,82,2512,38.77%,61.23%,-22.45%,10.15%,46.50%,16.72%,0.60%,1.23%,11.46%,0.84%,9.24%,3.26%
G16,土瓜灣南,5446,376,617,760,25,20,479,18,341,133,2769,55.62%,44.38%,11.23%,13.58%,22.28%,27.45%,0.90%,0.72%,17.30%,0.65%,12.31%,4.80%
G17*,鶴園海逸,6050.34826365848,539.757796947578,815.562043795621,993.115350586154,25.9673744746739,33.3600973236011,438.575868170759,26.716434417164,421.219531077195,292.124198186242,3586.39869497899,56.89%,43.11%,13.77%,15.05%,22.74%,27.69%,0.72%,0.93%,12.23%,0.74%,11.74%,8.15%
G18*,黃埔東,7565.92269943995,804.436399550902,1105.56420634129,1384.67504298004,48.0298659510999,67.1772228036802,553.901188850143,28.763613186159,683.028953887091,395.325341829933,5070.90183538034,59.48%,40.52%,18.96%,15.86%,21.80%,27.31%,0.95%,1.32%,10.92%,0.57%,13.47%,7.80%
G19*,黃埔西,7696.84338579084,749.045396989755,1061.01319300642,1324.32535615853,42.1083079891889,67.6942609118322,600.37577925901,31.48402506811,682.674640958005,383.008097654632,4941.72905799548,58.63%,41.37%,17.26%,15.16%,21.47%,26.80%,0.85%,1.37%,12.15%,0.64%,13.81%,7.75%
G20*,紅磡灣,7361.23693377954,623.172196572226,913.854460645682,1112.10885129777,44.0505613774149,58.9368563005261,687.931768151991,23.101057438924,595.379805315288,309.725572732993,4368.26112983282,56.24%,43.76%,12.48%,14.27%,20.92%,25.46%,1.01%,1.35%,15.75%,0.53%,13.63%,7.09%
G21*,紅磡,5422.98504646446,366.635690362753,823.251568470212,513.021368932497,50.3620453794989,34.2461908580591,390.137978206519,14.772866644653,342.461908580593,129.598330109911,2664.4879475447,49.60%,50.40%,-0.81%,13.76%,30.90%,19.25%,1.89%,1.29%,14.64%,0.55%,12.85%,4.86%
G22*,家維,9266.66367086673,766.952519576786,1253.75452774077,1231.75403004501,61.4818448281238,51.5853718023011,684.077417361578,40.16200324499,736.235160181826,248.21845948629,5074.22133426768,56.92%,43.08%,13.84%,15.11%,24.71%,24.27%,1.21%,1.02%,13.48%,0.79%,14.51%,4.89%
G23*,愛民,8408.43592948016,694.762977562609,1136.28627028641,1217.5199265596,39.5125677339492,54.4016096034648,561.11323095509,32.0419271739972,588.742483160883,197.573372070697,4521.9543651067,58.09%,41.91%,16.19%,15.36%,25.13%,26.92%,0.87%,1.20%,12.41%,0.71%,13.02%,4.37%
G24*,愛俊,8539.56407051984,713.237022437391,1148.71372971359,1246.4800734404,40.4874322660506,55.5983903965354,572.88676904491,32.9580728260028,603.257516839117,205.426627929303,4619.0456348933,58.28%,41.72%,16.56%,15.44%,24.87%,26.99%,0.88%,1.20%,12.40%,0.71%,13.06%,4.45%
H01*,龍趣,7502.45354791514,421.924977647728,786.867674550923,934.765504348533,32.01251727221,51.2200276355361,692.750873770625,37.1345200357636,527.566284646021,279.789400959116,3764.03178086646,53.26%,46.74%,6.51%,11.21%,20.90%,24.83%,0.85%,1.36%,18.40%,0.99%,14.02%,7.43%
H02*,龍下,7712.670475,540.143068035944,744.29756097561,1057.68600770218,23.3534659820282,44.446919127086,476.86270860077,24.1068035943517,601.163414634146,198.881129653402,3710.94107830552,61.73%,38.27%,23.47%,14.56%,20.06%,28.50%,0.63%,1.20%,12.85%,0.65%,16.20%,5.36%
H03*,龍上,11302.5464520849,658.075022352272,938.132325449077,1288.23449565147,39.98748272779,79.779972364464,1451.24912622938,50.8654799642364,761.433715353979,279.210599040884,5546.96821913355,51.89%,48.11%,3.78%,11.86%,16.91%,23.22%,0.72%,1.44%,26.16%,0.92%,13.73%,5.03%
H04,鳳凰,5592,419,732,974,24,52,320,31,537,199,3288,61.95%,38.05%,23.91%,12.74%,22.26%,29.62%,0.73%,1.58%,9.73%,0.94%,16.33%,6.05%
H05*,鳳德,10762.2563119207,717.783956535634,1504.91466922339,1404.9472674976,41.4279322467242,80.1540428251838,516.047938638543,45.0303611377437,747.503994886545,225.151805688718,5282.96196868008,57.48%,42.52%,14.97%,13.59%,28.49%,26.59%,0.78%,1.52%,9.77%,0.85%,14.15%,4.26%
H06*,龍星,10328.7436880793,964.216043464366,1393.08533077661,1864.0527325024,36.5720677532758,100.845957174816,607.952061361457,56.9696388622563,1038.49600511345,405.848194311282,6468.03803131991,62.79%,37.21%,25.58%,14.91%,21.54%,28.82%,0.57%,1.56%,9.40%,0.88%,16.06%,6.27%
H07,新蒲崗,9889,661,1523,1414,40,76,669,42,808,330,5563,54.66%,45.34%,9.33%,11.88%,27.38%,25.42%,0.72%,1.37%,12.03%,0.75%,14.52%,5.93%
H08,東頭,9400,536,1588,1195,38,76,571,45,626,214,4889,51.46%,48.54%,2.92%,10.96%,32.48%,24.44%,0.78%,1.55%,11.68%,0.92%,12.80%,4.38%
H09*,東美,9642.688434,582.855348744612,1035.2140545037,1160.80853403803,54.2809573668841,74.563507503909,588.230190557026,39.3070138242298,696.060597348795,228.849702299631,4460.16990618682,58.47%,41.53%,16.94%,13.07%,23.21%,26.03%,1.22%,1.67%,13.19%,0.88%,15.61%,5.13%
H10*,樂富,8608.641091,488.001583219445,945.488384520692,1001.50545825979,52.3655766510877,71.989573369005,521.907100842204,38.5861825814185,614.775988017059,202.269168046968,3936.88901550767,57.59%,42.41%,15.18%,12.40%,24.02%,25.44%,1.33%,1.83%,13.26%,0.98%,15.62%,5.14%
H11,橫頭磡,10560,605,1668,1375,50,95,530,58,740,186,5307,55.08%,44.92%,10.16%,11.40%,31.43%,25.91%,0.94%,1.79%,9.99%,1.09%,13.94%,3.50%
H12,天強,8980,795,1126,1609,36,90,619,61,857,356,5549,62.14%,37.86%,24.27%,14.33%,20.29%,29.00%,0.65%,1.62%,11.16%,1.10%,15.44%,6.42%
H13,翠竹及鵬程,11433,815,1180,1606,56,82,859,51,933,356,5938,59.67%,40.33%,19.33%,13.73%,19.87%,27.05%,0.94%,1.38%,14.47%,0.86%,15.71%,6.00%
H14,竹園南,8414,503,787,887,126,58,980,36,587,149,4113,53.42%,46.58%,6.83%,12.23%,19.13%,21.57%,3.06%,1.41%,23.83%,0.88%,14.27%,3.62%
H15,竹園北,10594,741,1022,1275,38,73,896,43,778,217,5083,58.00%,42.00%,15.99%,14.58%,20.11%,25.08%,0.75%,1.44%,17.63%,0.85%,15.31%,4.27%
H16,慈雲西,11251,637,1724,1532,38,87,549,72,745,225,5609,55.46%,44.54%,10.93%,11.36%,30.74%,27.31%,0.68%,1.55%,9.79%,1.28%,13.28%,4.01%
H17*,正愛,10843.7164666504,737.504449342804,1234.89754265654,1615.39325659237,47.3443546411952,99.2000163278636,962.814107274062,45.5913135766185,887.370560862111,308.773940729855,5938.88954200342,57.80%,42.20%,15.59%,12.42%,20.79%,27.20%,0.80%,1.67%,16.21%,0.77%,14.94%,5.20%
H18*,正安,10990.9117274104,660.992788226257,1028.24385927716,1398.91423650155,45.6420921820092,104.988692235672,1227.683130295,60.5216871139892,831.818234027392,181.754892143073,5540.5596120021,56.00%,44.00%,12.01%,11.93%,18.56%,25.25%,0.82%,1.89%,22.16%,1.09%,15.01%,3.28%
H19*,慈雲東,10327.3718059392,599.502762430939,1526.8585980663,1425.69250690608,59.0135531767956,76.8112914364642,599.502762430939,60.8869993093923,905.811205110497,185.471167127072,5439.55084599448,57.50%,42.50%,15.00%,11.02%,28.07%,26.21%,1.08%,1.41%,11.02%,1.12%,16.65%,3.41%
H20,瓊富,11521,954,1031,2310,35,65,1222,49,815,325,6806,62.12%,37.88%,24.24%,14.02%,15.15%,33.94%,0.51%,0.96%,17.95%,0.72%,11.97%,4.78%
H21*,彩雲東,6572.81264447527,439.557286149739,1150.97948338631,990.062557820897,25.4079356155919,31.3364539258966,464.118290578145,33.0303163002694,417.537075282893,230.3652829147,3782.39468197444,51.21%,48.79%,2.42%,11.62%,30.43%,26.18%,0.67%,0.83%,12.27%,0.87%,11.04%,6.09%
H22,彩雲南,7232,405,933,1121,19,36,529,30,403,88,3564,56.51%,43.49%,13.02%,11.36%,26.18%,31.45%,0.53%,1.01%,14.84%,0.84%,11.31%,2.47%
H23*,彩雲西,8332.18735552474,495.442713850261,784.020516613688,1119.9374421791,17.5920643844081,62.6635460741034,1220.88170942186,32.9696836997306,503.462924717107,147.6347170853,4384.60531802556,50.91%,49.09%,1.81%,11.30%,17.88%,25.54%,0.40%,1.43%,27.84%,0.75%,11.48%,3.37%
H24*,池彩,7982.19484240688,587.604584527221,645.922636103152,1455.32951289398,21.323782234957,55.9656160458453,1049.37535816619,29.3065902578797,644.962750716332,236.908309455587,4726.69914040114,59.12%,40.88%,18.24%,12.43%,13.67%,30.79%,0.45%,1.18%,22.20%,0.62%,13.65%,5.01%
H25*,彩虹,9049.80515759312,490.395415472779,519.077363896848,1020.67048710602,27.676217765043,55.0343839541547,1861.62464183381,39.6934097421203,473.037249283668,123.091690544413,4610.30085959886,45.69%,54.31%,-8.62%,10.64%,11.26%,22.14%,0.60%,1.19%,40.38%,0.86%,10.26%,2.67%
J01,觀塘中心,7030,411,846,1003,19,45,462,36,515,162,3499,57.99%,42.01%,15.98%,11.75%,24.18%,28.67%,0.54%,1.29%,13.20%,1.03%,14.72%,4.63%
J02,九龍灣,6052,522,890,1082,25,53,352,26,577,569,4096,55.79%,44.21%,11.57%,12.74%,21.73%,26.42%,0.61%,1.29%,8.59%,0.63%,14.09%,13.89%
J03*,啟業,7903.06622101525,517.032588259871,1401.13369542511,1029.19657405473,16.3131397534991,39.5959891372467,356.042615416754,29.6383956548987,492.359933152287,154.721328598287,4036.03425945268,52.63%,47.37%,5.26%,12.81%,34.72%,25.50%,0.40%,0.98%,8.82%,0.73%,12.20%,3.83%
J04,麗晶,9532,750,1355,1785,28,139,453,45,837,327,5719,62.67%,37.33%,25.34%,13.11%,23.69%,31.21%,0.49%,2.43%,7.92%,0.79%,14.64%,5.72%
J05,坪石,7658,442,1388,883,22,52,362,50,479,159,3837,50.25%,49.75%,0.50%,11.52%,36.17%,23.01%,0.57%,1.36%,9.43%,1.30%,12.48%,4.14%
J06,雙彩,8466,345,1626,823,33,55,567,50,499,196,4194,43.04%,56.96%,-13.92%,8.23%,38.77%,19.62%,0.79%,1.31%,13.52%,1.19%,11.90%,4.67%
J07,佐敦谷,9302,487,1690,1051,33,75,488,32,519,176,4551,48.28%,51.72%,-3.45%,10.70%,37.13%,23.09%,0.73%,1.65%,10.72%,0.70%,11.40%,3.87%
J08*,順天,11310.2133110554,581.697020328599,1578.76496797549,1925.50724032303,37.223336118073,54.4157616262879,694.751879699248,46.0927318295739,510.992620439989,162.762740183793,5592.20829852408,56.43%,43.57%,12.87%,10.40%,28.23%,34.43%,0.67%,0.97%,12.42%,0.82%,9.14%,2.91%
J09*,雙順,9609.82771958098,440.593070104754,1621.12248186946,990.819661563255,20.7531023368251,52.5869460112812,778.392747784045,29.8509266720387,566.260757453666,1165.97356970185,5666.35326349717,37.08%,62.92%,-25.85%,7.78%,28.61%,17.49%,0.37%,0.93%,13.74%,0.53%,9.99%,20.58%
J10*,安利,7349.9589693636,449.709909566647,969.112550155046,1023.67309811371,20.0235615451019,41.9972923624308,525.855372516707,32.0563414983874,454.746622106345,132.263690114354,3649.43843797873,55.41%,44.59%,10.82%,12.32%,26.56%,28.05%,0.55%,1.15%,14.41%,0.88%,12.46%,3.62%
J11,寶達,11068,545,2162,1180,37,80,693,62,637,243,5639,45.06%,54.94%,-9.88%,9.66%,38.34%,20.93%,0.66%,1.42%,12.29%,1.10%,11.30%,4.31%
J12*,秀茂坪北,11427.4203942381,618.957543593632,1676.17791256002,1289.41647712914,26.0531968663129,70.5069497093758,937.441875157948,52.854308819813,698.562547384382,224.025018953753,5593.99583017438,49.27%,50.73%,-1.45%,11.06%,29.96%,23.05%,0.47%,1.26%,16.76%,0.94%,12.49%,4.00%
J13,曉麗,10971,882,1436,1856,55,94,727,39,982,402,6473,60.37%,39.63%,20.75%,13.63%,22.18%,28.67%,0.85%,1.45%,11.23%,0.60%,15.17%,6.21%
J14*,秀茂坪南,7343.57960576194,381.042456406368,1202.82208743998,791.583522870862,26.9468031336871,49.4930502906242,588.558124842052,40.145691180187,449.437452615618,161.974981046247,3692.00416982563,47.09%,52.91%,-5.82%,10.32%,32.58%,21.44%,0.73%,1.34%,15.94%,1.09%,12.17%,4.39%
J15,秀茂坪中,8942,399,1653,915,41,60,477,54,536,146,4281,46.83%,53.17%,-6.33%,9.32%,38.61%,21.37%,0.96%,1.40%,11.14%,1.26%,12.52%,3.41%
J16*,興田,10490.8623139696,631.292171716671,1222.10566753189,1534.04176522472,35.7492787466728,81.214020425843,858.578907381332,48.7349208719168,700.056938470013,195.449439884527,5307.22311025359,57.11%,42.89%,14.23%,11.89%,23.03%,28.90%,0.67%,1.53%,16.18%,0.92%,13.19%,3.68%
J17*,藍田,10461.1813346805,650.587413320808,1055.91444974201,1380.51764339007,32.2577200466893,80.1260344642036,1264.38459986812,44.2578565133045,777.324724299179,263.11768313663,5548.48812478101,53.44%,46.56%,6.88%,11.73%,19.03%,24.88%,0.58%,1.44%,22.79%,0.80%,14.01%,4.74%
J18*,廣德,11991.5628507982,751.198417093439,2190.2578987224,1522.69814281321,50.6832651547755,70.9133515700983,717.392548345732,51.8511035303034,806.209465558576,228.529658143973,6389.73385093251,50.92%,49.08%,1.84%,11.76%,34.28%,23.83%,0.79%,1.11%,11.23%,0.81%,12.62%,3.58%
J19,平田,10409,594,1335,1241,58,87,710,48,790,212,5075,55.53%,44.47%,11.05%,11.70%,26.31%,24.45%,1.14%,1.71%,13.99%,0.95%,15.57%,4.18%
J20*,栢雅,8336.09036599614,608.550763581837,1258.70221257337,1252.35675124905,50.5695851727845,63.8767737438107,771.055211221822,40.4160074697777,628.77827705616,260.039496777782,4934.34507884639,53.59%,46.41%,7.19%,12.33%,25.51%,25.38%,1.02%,1.29%,15.63%,0.82%,12.74%,5.27%
J21*,油塘東,10857.9463,587.750485682912,1747.83056001351,1378.2338035307,39.0995016470986,74.221640341245,905.206943153983,52.8144268941634,738.64625390658,568.1395388124,6091.94315398259,47.12%,52.88%,-5.75%,9.65%,28.69%,22.62%,0.64%,1.22%,14.86%,0.87%,12.12%,9.33%
J22,油麗,8498,417,1019,1007,40,65,547,42,856,179,4172,58.17%,41.83%,16.35%,10.00%,24.42%,24.14%,0.96%,1.56%,13.11%,1.01%,20.52%,4.29%
J23*,翠翔,10060.6503,523.287406920938,1450.96781891252,1153.6944639465,32.9063747460119,64.0231418269414,1000.48241854815,44.6575082628782,645.954961898891,742.685587834004,5658.65968289683,43.55%,56.45%,-12.89%,9.25%,25.64%,20.39%,0.58%,1.13%,17.68%,0.79%,11.42%,13.12%
J24*^,油塘西,9396.4034,535.96210739615,1135.20162107396,993.071732522796,34.9941236068896,69.7552178318136,1006.31063829787,47.5280648429585,592.398784194529,260.174873353597,4675.39716312056,48.63%,51.37%,-2.74%,11.46%,24.28%,21.24%,0.75%,1.49%,21.52%,1.02%,12.67%,5.56%
J25,麗港城,9529,999,1225,1992,23,108,454,33,1010,633,6477,64.30%,35.70%,28.61%,15.42%,18.91%,30.75%,0.36%,1.67%,7.01%,0.51%,15.59%,9.77%
J26*,景田,9265.30313455553,778.371234287245,1045.01977143034,1854.38569732294,34.7401508790779,78.8698197960444,513.58873318299,34.7401116146976,866.630594616072,401.863722057088,5608.2098351865,65.04%,34.96%,30.09%,13.88%,18.63%,33.07%,0.62%,1.41%,9.16%,0.62%,15.45%,7.17%
J27,翠屏,11639,668,1390,1328,32,80,798,43,785,226,5350,54.88%,45.12%,9.76%,12.49%,25.98%,24.82%,0.60%,1.50%,14.92%,0.80%,14.67%,4.22%
J28,寶樂,8684,545,790,1372,20,49,678,34,580,196,4264,60.98%,39.02%,21.95%,12.78%,18.53%,32.18%,0.47%,1.15%,15.90%,0.80%,13.60%,4.60%
J29*,月華,6776.57918802827,514.556855818061,1057.86796202252,1065.2762199161,19.676970633694,59.3055862221241,411.79664385074,30.1605210863325,505.185471406492,223.593729300066,3887.41996025613,56.44%,43.56%,12.89%,13.24%,27.21%,27.40%,0.51%,1.53%,10.59%,0.78%,13.00%,5.75%
J30*,協康,6831.54398959744,453.805315057812,902.824676343948,902.168702168804,24.6411379100997,48.3306308654632,517.565527025134,36.5828964311312,472.644190065835,188.227065971293,3546.79014183952,54.65%,45.35%,9.29%,12.79%,25.45%,25.44%,0.69%,1.36%,14.59%,1.03%,13.33%,5.31%
J31,康樂,6928,482,775,1115,32,53,481,37,545,284,3804,59.52%,40.48%,19.03%,12.67%,20.37%,29.31%,0.84%,1.39%,12.64%,0.97%,14.33%,7.47%
J32,定安,8579,490,1045,1328,27,49,593,32,449,202,4215,56.35%,43.65%,12.69%,11.63%,24.79%,31.51%,0.64%,1.16%,14.07%,0.76%,10.65%,4.79%
J33,牛頭角上邨,8696,516,1514,868,27,60,471,46,511,150,4163,48.71%,51.29%,-2.57%,12.39%,36.37%,20.85%,0.65%,1.44%,11.31%,1.10%,12.27%,3.60%
J34,牛頭角下邨,8896,622,1569,1250,25,87,557,48,626,221,5005,53.11%,46.89%,6.21%,12.43%,31.35%,24.98%,0.50%,1.74%,11.13%,0.96%,12.51%,4.42%
J35*,淘大,7106.93377898475,523.96741174013,715.86630457489,1214.80342594527,16.6868602465009,58.4040108627533,377.957384583246,23.3616043451013,666.640066847713,230.278671401713,3827.96574054732,65.41%,34.59%,30.82%,13.69%,18.70%,31.73%,0.44%,1.53%,9.87%,0.61%,17.41%,6.02%
J36,樂華北,7412,502,745,838,40,36,904,43,500,152,3760,52.10%,47.90%,4.20%,13.35%,19.81%,22.29%,1.06%,0.96%,24.04%,1.14%,13.30%,4.04%
J37*,樂華南,7193.87682237429,461.637829124127,953.30736163353,703.555077915099,26.6818914562063,52.3637829124127,1044.63782912413,33.2565824825363,416.170338527673,315.179204728641,4006.78989790436,42.27%,57.73%,-15.46%,11.52%,23.79%,17.56%,0.67%,1.31%,26.07%,0.83%,10.39%,7.87%
K01*,德華,7043.30042463353,363.585611583712,393.977807632294,930.764281365712,12.5382063373083,71.443519041502,370.888064471989,32.9157332368884,818.747396933768,1046.97768850802,4041.83830911119,55.17%,44.83%,10.35%,9.00%,9.75%,23.03%,0.31%,1.77%,9.18%,0.81%,20.26%,25.90%
K02*,楊屋道,7218.94277620329,385.094428566064,392.898863371344,1064.55402703189,28.2972091321048,64.197262923879,349.064256654122,32.1529628025653,867.106054913537,1189.24930994974,4372.61437534525,55.83%,44.17%,11.67%,8.81%,8.99%,24.35%,0.65%,1.47%,7.98%,0.74%,19.83%,27.20%
K03*,海濱,9113.10590027935,690.245127006367,655.940968453078,1696.96758816238,51.8097511576579,89.3850438812082,463.441802659547,38.5006263461157,1275.9983658139,1323.42518092786,6285.71445440811,61.14%,38.86%,22.27%,10.98%,10.44%,27.00%,0.82%,1.42%,7.37%,0.61%,20.30%,21.05%
K04*,祈德尊,6951.43954710878,408.191117884485,327.297251609335,848.934589477903,28.5033271989248,45.0210310805464,361.713027829135,22.0475372854808,672.326825654226,1169.06488906421,3883.09959708425,52.15%,47.85%,4.30%,10.51%,8.43%,21.86%,0.73%,1.16%,9.32%,0.57%,17.31%,30.11%
K05,福來,7135,334,240,742,24,52,1275,22,730,425,3844,49.53%,50.47%,-0.94%,8.69%,6.24%,19.30%,0.62%,1.35%,33.17%,0.57%,18.99%,11.06%
K06,愉景,8380,701,812,1640,37,98,489,54,1243,905,5979,63.10%,36.90%,26.21%,11.72%,13.58%,27.43%,0.62%,1.64%,8.18%,0.90%,20.79%,15.14%
K07*,荃灣中心,7316.63539359775,411.23756794846,332.060197302194,1308.04248037045,32.3172941413328,63.018723575599,300.550835514395,37.972820616066,874.990738876586,1018.80269780552,4378.9933561506,62.29%,37.71%,24.58%,9.39%,7.58%,29.87%,0.74%,1.44%,6.86%,0.87%,19.98%,23.27%
K08*,荃威,8557.21848602141,472.047213313269,470.008632991983,1450.94996101577,35.2063854689512,89.2614516871309,381.300646928425,40.7836750363799,1107.01574493738,1279.86598638616,5326.43969776545,59.99%,40.01%,19.98%,8.86%,8.82%,27.24%,0.66%,1.68%,7.16%,0.77%,20.78%,24.03%
K09*,麗濤,8972.57894736842,627.609513062151,567.653755138835,1672.63658693337,37.0985700759063,95.3994682023571,448.011798160419,48.3008981264508,1137.49006131362,1266.21344956497,5900.41410057808,61.33%,38.67%,22.65%,10.64%,9.62%,28.35%,0.63%,1.62%,7.59%,0.82%,19.28%,21.46%
K10*,汀深,6380.53333333333,486.56380952381,543.693333333333,1250.43047619048,31.4533333333333,80.88,293.992380952381,35.9466666666667,761.299047619048,814.577142857143,4298.8361904762,61.56%,38.44%,23.13%,11.32%,12.65%,29.09%,0.73%,1.88%,6.84%,0.84%,17.71%,18.95%
K11*,荃灣西,8450.21135177505,620.883714959372,563.885108933948,1667.77951396212,35.8515061740042,90.9531430728644,371.892848385208,43.3831403289498,1109.82135668457,1348.28293155018,5852.73326405122,60.97%,39.03%,21.95%,10.61%,9.63%,28.50%,0.61%,1.55%,6.35%,0.74%,18.96%,23.04%
K12*,荃灣郊區,7648.46666666667,555.43619047619,677.306666666667,1422.56952380952,33.5466666666667,84.12,381.007619047619,43.0533333333333,855.700952380952,982.422857142857,5035.16380952381,59.47%,40.53%,18.94%,11.03%,13.45%,28.25%,0.67%,1.67%,7.57%,0.86%,16.99%,19.51%
K13,馬灣,5043,389,366,991,24,51,184,54,928,514,3501,69.61%,30.39%,39.22%,11.11%,10.45%,28.31%,0.69%,1.46%,5.26%,1.54%,26.51%,14.68%
K14*,綠楊,7429.56717301243,407.10570567612,490.277414566988,1191.37097168042,15.3777503138097,62.320356534913,404.136719396762,46.9426062211033,1012.50345487241,1102.11786624336,4732.15284550589,57.81%,42.19%,15.62%,8.60%,10.36%,25.18%,0.32%,1.32%,8.54%,0.99%,21.40%,23.29%
K15*,梨木樹東,8965.46302377512,314.990805201629,421.38132142388,1089.51333245764,30.2717719690004,760.819387889137,430.562064889006,35.1807434651254,854.729672927887,943.394588204387,4880.84368842769,63.22%,36.78%,26.43%,6.45%,8.63%,22.32%,0.62%,15.59%,8.82%,0.72%,17.51%,19.33%
K16,梨木樹西,8924,311,335,996,15,608,536,29,885,840,4555,62.44%,37.56%,24.87%,6.83%,7.35%,21.87%,0.33%,13.35%,11.77%,0.64%,19.43%,18.44%
K17*,石圍角,7278.45566704415,306.759915259466,298.124648110908,696.500459226182,23.3830242434327,93.8792535270837,491.067206416058,24.7188036736148,761.514254614312,1120.25485601134,3816.2024210824,49.96%,50.04%,-0.07%,8.04%,7.81%,18.25%,0.61%,2.46%,12.87%,0.65%,19.95%,29.36%
K18*,象石,7091.08130918073,299.249279538905,300.494030465212,720.98620831618,21.3452037875669,73.3013585837793,353.370728694936,33.1004528612598,742.756072457802,1086.35055578427,3630.95389048991,52.07%,47.93%,4.15%,8.24%,8.28%,19.86%,0.59%,2.02%,9.73%,0.91%,20.46%,29.92%
L01*,屯門市中心,7941.63107858588,473.041186132094,473.706495120678,1371.29273376802,39.3950163810374,53.1801545679392,406.861031564155,38.1755338397407,851.355274013158,788.734443476145,4495.74186886297,62.87%,37.13%,25.74%,10.52%,10.54%,30.50%,0.88%,1.18%,9.05%,0.85%,18.94%,17.54%
L02*,兆置,10016.2477508982,527.63652005592,525.117539520379,1877.0203247661,45.2943327239488,65.218410581783,446.418109474137,59.2563716528659,946.535648994516,1136.80761372191,5629.30487149156,62.55%,37.45%,25.09%,9.37%,9.33%,33.34%,0.80%,1.16%,7.93%,1.05%,16.81%,20.19%
L03*,兆翠,10696.9523327812,589.669233731228,597.707547169811,1941.79697728148,50.961686561417,60.602810935695,526.737774355025,45.7288217173662,1013.86166730843,1250.4291490181,6077.49566807855,60.92%,39.08%,21.85%,9.70%,9.83%,31.95%,0.84%,1.00%,8.67%,0.75%,16.68%,20.57%
L04,安定,9758,501,485,1208,109,45,952,59,879,692,4930,56.82%,43.18%,13.63%,10.16%,9.84%,24.50%,2.21%,0.91%,19.31%,1.20%,17.83%,14.04%
L05,友愛南,8266,368,282,904,35,41,313,44,707,1007,3701,56.71%,43.29%,13.43%,9.94%,7.62%,24.43%,0.95%,1.11%,8.46%,1.19%,19.10%,27.21%
L06*,友愛北,8026.73512289781,446.330766268772,357.292452830189,1205.20302271852,35.038313438583,52.397189064305,431.262225644975,40.2711782826338,875.138332691567,952.570850981902,4395.50433192145,60.39%,39.61%,20.78%,10.15%,8.13%,27.42%,0.80%,1.19%,9.81%,0.92%,19.91%,21.67%
L07,翠興,8035,547,461,1620,40,68,524,50,960,722,4992,65.81%,34.19%,31.61%,10.96%,9.23%,32.45%,0.80%,1.36%,10.50%,1.00%,19.23%,14.46%
L08,山景,10156,511,429,1254,51,64,548,40,944,595,4436,64.56%,35.44%,29.13%,11.52%,9.67%,28.27%,1.15%,1.44%,12.35%,0.90%,21.28%,13.41%
L09*,景興,7852.44944740074,344.292672943103,286.447400736799,793.371674171101,39.9336880884159,45.8747441670078,1124.16537044617,23.9410560785919,528.83585755219,390.79901760131,3577.66148178469,49.65%,50.35%,-0.70%,9.62%,8.01%,22.18%,1.12%,1.28%,31.42%,0.67%,14.78%,10.92%
L10,興澤,9455,447,356,1316,39,34,1340,50,782,433,4797,55.62%,44.38%,11.24%,9.32%,7.42%,27.43%,0.81%,0.71%,27.93%,1.04%,16.30%,9.03%
L11*,新墟,6834.4167614336,311.322293811986,400.175965358944,983.686941465872,29.3106508950138,28.6014348502778,430.720858961708,35.5680945073934,656.109076992327,608.45794280195,3483.95325964547,58.69%,41.31%,17.37%,8.94%,11.49%,28.23%,0.84%,0.82%,12.36%,1.02%,18.83%,17.46%
L12*,三聖,7257.45775527741,447.200776908899,513.285924027007,1172.00009225437,28.3930618026016,57.2176649061359,471.275058754542,48.9877783748598,656.983986143219,691.415553829083,4086.75989700072,58.99%,41.01%,17.98%,10.94%,12.56%,28.68%,0.69%,1.40%,11.53%,1.20%,16.08%,16.92%
L13*,恆福,7923.72320456721,483.799223091101,560.714075972993,1334.99990774563,27.6069381973984,51.7823350938641,467.724941245458,53.0122216251402,721.016013856781,751.584446170917,4452.24010299928,60.02%,39.98%,20.04%,10.87%,12.59%,29.98%,0.62%,1.16%,10.51%,1.19%,16.19%,16.88%
L14,富新,10623,638,656,1629,54,55,559,91,1137,1068,5887,61.22%,38.78%,22.44%,10.84%,11.14%,27.67%,0.92%,0.93%,9.50%,1.55%,19.31%,18.14%
L15,悅湖,8059,490,392,1182,57,48,359,42,869,1202,4641,57.92%,42.08%,15.84%,10.56%,8.45%,25.47%,1.23%,1.03%,7.74%,0.90%,18.72%,25.90%
L16*,兆禧,6438.92657596843,440.038217883477,353.227957212587,1208.60837054731,76.3331602450929,51.637137812857,309.074462561014,30.6829369612629,667.540969986499,691.488628102607,3828.63184131271,64.64%,35.36%,29.28%,11.49%,9.23%,31.57%,1.99%,1.35%,8.07%,0.80%,17.44%,18.06%
L17,湖景,7759,305,208,885,41,46,330,39,599,749,3202,59.81%,40.19%,19.61%,9.53%,6.50%,27.64%,1.28%,1.44%,10.31%,1.22%,18.71%,23.39%
L18,蝴蝶,9464,520,452,1204,83,52,615,45,800,985,4756,56.85%,43.15%,13.71%,10.93%,9.50%,25.32%,1.75%,1.09%,12.93%,0.95%,16.82%,20.71%
L19*,樂翠,7189.25809739841,493.417812267277,507.241892033644,1272.46951889993,53.6944779458618,40.4181385690526,367.740864072152,30.3999776116015,663.219080264757,952.437251294378,4381.03901295865,58.29%,41.71%,16.58%,11.26%,11.58%,29.04%,1.23%,0.92%,8.39%,0.69%,15.14%,21.74%
L20*,龍門,8982.81532663317,396.543969849246,419.530150753769,1157.92211055276,35.9723618090452,51.9447236180905,443.184673366834,40.9170854271357,842.239949748744,1052.07412060302,4440.32914572864,56.88%,43.12%,13.75%,8.93%,9.45%,26.08%,0.81%,1.17%,9.98%,0.92%,18.97%,23.69%
L21*,新景,9100.55055259926,415.707327056897,399.552599263201,1646.6283258289,26.0663119115841,46.1252558329922,483.834629553827,36.0589439214081,725.16414244781,616.20098239869,4395.33851821531,65.88%,34.12%,31.76%,9.46%,9.09%,37.46%,0.59%,1.05%,11.01%,0.82%,16.50%,14.02%
L22,良景,9652,415,341,1297,45,46,462,53,802,941,4402,60.38%,39.62%,20.76%,9.43%,7.75%,29.46%,1.02%,1.04%,10.50%,1.20%,18.22%,21.38%
L23,田景,10566,464,370,1498,50,58,1072,52,935,579,5078,60.20%,39.80%,20.40%,9.14%,7.29%,29.50%,0.98%,1.14%,21.11%,1.02%,18.41%,11.40%
L24,寶田,8008,374,496,739,33,46,533,86,510,718,3535,50.58%,49.42%,1.16%,10.58%,14.03%,20.91%,0.93%,1.30%,15.08%,2.43%,14.43%,20.31%
L25,建生,9633,411,372,1426,45,52,444,53,998,1156,4957,60.22%,39.78%,20.44%,8.29%,7.50%,28.77%,0.91%,1.05%,8.96%,1.07%,20.13%,23.32%
L26,兆康,8015,373,226,1629,31,34,271,30,649,1410,4653,59.02%,40.98%,18.03%,8.02%,4.86%,35.01%,0.67%,0.73%,5.82%,0.64%,13.95%,30.30%
L27*,景峰,9128.65002246294,572.190495698484,566.195821384678,2070.9750102417,45.9201147070873,59.8775092175338,542.302335108562,50.9360917656698,963.705858254814,751.854977468251,5623.95821384678,66.92%,33.08%,33.84%,10.17%,10.07%,36.82%,0.82%,1.06%,9.64%,0.91%,17.14%,13.37%
L28*,富泰,12232.1859710958,450.809504301516,325.804178615322,1410.0249897583,54.0798852929127,60.1224907824662,1472.69766489144,69.0639082343302,965.294141745186,528.145022531749,5336.04178615322,56.40%,43.60%,12.80%,8.45%,6.11%,26.42%,1.01%,1.13%,27.60%,1.29%,18.09%,9.90%
L29,屯門鄉郊,7325,407,330,1034,37,51,596,42,679,640,3816,58.96%,41.04%,17.92%,10.67%,8.65%,27.10%,0.97%,1.34%,15.62%,1.10%,17.79%,16.77%
M01*,豐年,8207.46534135496,316.293016703562,334.81354397263,1246.69541155162,19.0739585429664,37.8931374522037,344.577882873818,34.5314952706782,576.755886496277,1306.18866975247,4216.82300261623,52.91%,47.09%,5.83%,7.50%,7.94%,29.56%,0.45%,0.90%,8.17%,0.82%,13.68%,30.98%
M02*,水邊,8222.9460528174,351.893882882209,482.352736357522,1478.32815712071,40.1550492714432,40.3190976381777,556.809317284244,76.0448410077906,678.564051416766,929.438762671089,4633.90589564995,57.52%,42.48%,15.03%,7.59%,10.41%,31.90%,0.87%,0.87%,12.02%,1.64%,14.64%,20.06%
M03,南屏,9910,170,295,2663,23,26,337,28,436,960,4938,67.76%,32.24%,35.52%,3.44%,5.97%,53.93%,0.47%,0.53%,6.82%,0.57%,8.83%,19.44%
M04*,北朗,9785.77159656014,175.023405530842,321.837229334118,2577.56503715341,12.8561820515575,28.7674007361795,393.974721043495,25.5142537850276,436.755646413496,1024.22465707117,4996.5185331193,65.18%,34.82%,30.35%,3.50%,6.44%,51.59%,0.26%,0.58%,7.88%,0.51%,8.74%,20.50%
M05*,元朗中心,6670.70338983051,353.330739299611,369.208387375703,1015.35581495893,30.2153047989624,28.8482490272374,308.604842196282,40.1647211413748,539.91439688716,849.227410289667,3534.86986597493,56.80%,43.20%,13.60%,10.00%,10.44%,28.72%,0.85%,0.82%,8.73%,1.14%,15.27%,24.02%
M06*,元龍,5505.19128329298,342.992217898833,377.625162127108,1088.06744487678,21.6459143968872,35.5447470817121,274.814526588846,36.4941634241245,497.743190661479,638.682230869001,3313.60959792477,61.04%,38.96%,22.07%,10.35%,11.40%,32.84%,0.65%,1.07%,8.29%,1.10%,15.02%,19.27%
M07*,鳳翔,6601.10532687651,375.677042801556,414.16645049719,1171.57674016429,23.1387808041505,33.6070038910506,304.580631214873,41.3411154345007,682.342412451362,811.090358841332,3857.52053610031,60.34%,39.66%,20.68%,9.74%,10.74%,30.37%,0.60%,0.87%,7.90%,1.07%,17.69%,21.03%
M08*,十八鄉東,6330.35621369162,223.109705639248,286.227002199499,969.076955528031,20.5068793666127,33.3587353235876,524.071409432404,29.767833708739,456.758735450671,537.351737347916,3080.22899399671,56.25%,43.75%,12.50%,7.24%,9.29%,31.46%,0.67%,1.08%,17.01%,0.97%,14.83%,17.45%
M09*,十八鄉中,6797.85450753533,319.886308675052,358.701715320624,1200.86596981598,33.0259726181167,42.1387579126426,429.677280044952,29.8044386439615,637.378808317858,833.849650577962,3885.32890192715,58.25%,41.75%,16.49%,8.23%,9.23%,30.91%,0.85%,1.08%,11.06%,0.77%,16.40%,21.46%
M10*,十八鄉西,9398.49672106146,352.234840698869,381.775950668037,1190.29650565262,25.1058581706064,29.7332990750257,785.532374100719,40.2117163412127,585.579650565262,806.857656731757,4197.32785200411,52.97%,47.03%,5.93%,8.39%,9.10%,28.36%,0.60%,0.71%,18.72%,0.96%,13.95%,19.22%
M11*,屏山南,9346.20424330279,382.978947271469,401.37586016733,1303.71316319376,23.2948798097126,50.186348768854,423.945432838158,44.6194782064079,744.103404288144,1277.43825273636,4651.6557672802,54.80%,45.20%,9.59%,8.23%,8.63%,28.03%,0.50%,1.08%,9.11%,0.96%,16.00%,27.46%
M12*,屏山中,5723.02400086963,196.468906541,254.481487508761,770.426466800373,18.1999308628217,27.3068785229403,310.721440353788,35.7166331667539,409.909575107415,749.543152659778,2772.77447152363,52.58%,47.42%,5.17%,7.09%,9.18%,27.79%,0.66%,0.98%,11.21%,1.29%,14.78%,27.03%
M13*,屏山北,5150.93945149799,129.452722752426,262.644558505093,902.50012029834,21.4311492501404,20.1086695003609,177.166332504611,16.1702622503809,339.771272756436,821.527628518727,2690.77271633652,53.12%,46.88%,6.25%,4.81%,9.76%,33.54%,0.80%,0.75%,6.58%,0.60%,12.63%,30.53%
M14*,厦村,6608.94187130867,222.658263305322,279.789915966387,753.532212885154,18.3501400560224,30.187675070028,854.52380952381,37.6190476190476,451.422969187675,581.579831932773,3229.66386554622,46.87%,53.13%,-6.26%,6.89%,8.66%,23.33%,0.57%,0.93%,26.46%,1.16%,13.98%,18.01%
M15,天盛,12308,548,710,1788,48,76,610,62,1487,1451,6780,59.13%,40.87%,18.26%,8.08%,10.47%,26.37%,0.71%,1.12%,9.00%,0.91%,21.93%,21.40%
M16*,瑞愛,11016.0120993693,462.780666752478,382.593641395289,1657.97618741151,45.8943235937701,59.719526322564,478.081477667654,55.4674990346248,975.268631741537,1434.96794954306,5552.74990346249,58.66%,41.34%,17.32%,8.33%,6.89%,29.86%,0.83%,1.08%,8.61%,1.00%,17.56%,25.84%
M17*,瑞華,9167.43757943157,375.638727557709,323.283691122301,1306.22448557717,41.8811429097478,34.6448052773136,381.954618997993,44.2706471874615,787.055320537448,1067.9999305426,4362.95336970974,59.36%,40.64%,18.71%,8.61%,7.41%,29.94%,0.96%,0.79%,8.75%,1.01%,18.04%,24.48%
M18*,頌華,7847.81966915771,341.464213246182,380.967883813916,1140.96934529285,32.3256913270732,38.4455404293728,377.378894193585,37.1856807127096,727.253744247524,861.786537952129,3937.77753121534,58.86%,41.14%,17.71%,8.67%,9.67%,28.97%,0.82%,0.98%,9.58%,0.94%,18.47%,21.89%
M19*,悅恩,8986.28377076706,354.464147249371,385.707577121974,1063.21837305092,31.5499127279172,36.9375448491675,829.18015652585,43.2189618361734,707.206561459554,848.802901596688,4300.28613641762,52.01%,47.99%,4.02%,8.24%,8.97%,24.72%,0.73%,0.86%,19.28%,1.01%,16.45%,19.74%
M20*,富恩,9509.71622923294,365.535852750629,390.292422878026,1052.78162694908,32.4500872720828,32.0624551508325,1019.81984347415,41.7810381638266,655.793438540446,765.197098403313,4355.71386358239,50.06%,49.94%,0.12%,8.39%,8.96%,24.17%,0.75%,0.74%,23.41%,0.96%,15.06%,17.57%
M21,逸澤,10358,355,389,1271,36,50,629,65,791,1007,4593,55.91%,44.09%,11.82%,7.73%,8.47%,27.67%,0.78%,1.09%,13.69%,1.42%,17.22%,21.92%
M22,天恒,11831,352,370,1520,55,55,1374,53,976,806,5561,54.14%,45.86%,8.29%,6.33%,6.65%,27.33%,0.99%,0.99%,24.71%,0.95%,17.55%,14.49%
M23,宏逸,10274,353,396,1374,44,43,959,37,800,728,4734,56.00%,44.00%,12.00%,7.46%,8.37%,29.02%,0.93%,0.91%,20.26%,0.78%,16.90%,15.38%
M24,晴景,8458,292,389,897,35,40,1051,46,909,560,4219,52.60%,47.40%,5.19%,6.92%,9.22%,21.26%,0.83%,0.95%,24.91%,1.09%,21.55%,13.27%
M25,嘉湖北,9066,564,630,1565,44,61,432,29,884,1356,5565,56.55%,43.45%,13.10%,10.13%,11.32%,28.12%,0.79%,1.10%,7.76%,0.52%,15.88%,24.37%
M26*,慈祐,8855.02789023842,365.53126405758,327.588394062078,1144.28385065227,36.2694556905083,37.7674313990104,349.53126405758,43.4898785425101,972.279352226721,901.911830859199,4178.65272154746,62.21%,37.79%,24.42%,8.75%,7.84%,27.38%,0.87%,0.90%,8.36%,1.04%,23.27%,21.58%
M27*,耀祐,8372.82604234585,371.637275268263,397.759920544663,1246.87345271852,34.0339150960085,42.7831303987425,376.131657290735,43.7460765136697,957.316153391257,895.706146668891,4365.98772789075,61.76%,38.24%,23.52%,8.51%,9.11%,28.56%,0.78%,0.98%,8.62%,1.00%,21.93%,20.52%
M28,天耀,8110,327,324,1099,44,40,295,51,920,977,4077,60.85%,39.15%,21.71%,8.02%,7.95%,26.96%,1.08%,0.98%,7.24%,1.25%,22.57%,23.96%
M29*,嘉湖南,7375.87671945717,383.947853117789,478.806469061753,1217.67267834768,22.595471382892,33.6395661729967,404.922087792453,36.8402180090244,801.826797855514,837.627604434128,4217.87874617423,59.19%,40.81%,18.38%,9.10%,11.35%,28.87%,0.54%,0.80%,9.60%,0.87%,19.01%,19.86%
M30,頌栢,7165,403,527,1005,26,58,402,52,667,793,3933,56.22%,43.78%,12.43%,10.25%,13.40%,25.55%,0.66%,1.47%,10.22%,1.32%,16.96%,20.16%
M31*,錦綉花園,6636.82545141875,383.414445399828,541.572656921754,1246.24333619948,23.0240756663801,59.0515907136715,247.046431642304,30.2854686156492,517.527944969905,833.260533104041,3881.42648323301,58.21%,41.79%,16.43%,9.88%,13.95%,32.11%,0.59%,1.52%,6.36%,0.78%,13.33%,21.47%
M32*,新田,8111.17454858126,329.585554600172,442.427343078246,998.756663800516,19.97592433362,44.9484092863285,98.9535683576956,176.714531384351,441.472055030095,1137.73946689596,3690.57351676698,54.50%,45.50%,9.00%,8.93%,11.99%,27.06%,0.54%,1.22%,2.68%,4.79%,11.96%,30.83%
M33*,錦田,5128.81916910878,214.104464747457,278.045164626789,657.814169970695,25.1887605585244,22.2823651094639,453.397690053439,19.3759696604034,399.14497500431,407.864161351491,2477.21772108257,54.01%,45.99%,8.02%,8.64%,11.22%,26.55%,1.02%,0.90%,18.30%,0.78%,16.11%,16.46%
M34*,八鄉北,5804.70522323737,199.666953973453,245.657990001724,533.483537321152,23.7843475262886,26.6938458886399,210.118255473194,23.6033442509912,401.428891570419,1026.70039648337,2691.13756248923,44.91%,55.09%,-10.17%,7.42%,9.13%,19.82%,0.88%,0.99%,7.81%,0.88%,14.92%,38.15%
M35*,八鄉南,8713.47560765385,407.22858127909,417.296845371488,1153.70229270815,23.026891915187,51.0237890018962,382.484054473367,33.0206860886054,667.426133425272,1440.43544216514,4575.6447164282,51.04%,48.96%,2.08%,8.90%,9.12%,25.21%,0.50%,1.12%,8.36%,0.72%,14.59%,31.48%
S01*,葵興,9026.85334809076,382.124515771998,453.157719977864,902.358328721638,32.0152185943553,33.0193691200885,543.312672938572,20.0221361372441,1890.07498616491,664.242114001107,4920.32706142778,66.25%,33.75%,32.50%,7.77%,9.21%,18.34%,0.65%,0.67%,11.04%,0.41%,38.41%,13.50%
S02*,葵盛東邨,10683.4720957916,310.758350255584,364.602618864225,832.278551922134,29.2297458161193,49.9982494223094,589.210139345984,33.8449688397171,2072.23513759541,1329.18423079616,5611.34199285764,59.31%,40.69%,18.63%,5.54%,6.50%,14.83%,0.52%,0.89%,10.50%,0.60%,36.93%,23.69%
S03*,上大窩口,6988.50704225352,286.921254801537,307.669654289373,978.418693982074,19.3191421254802,38.6466069142126,862.756402048656,18.1341229193342,802.713828425096,542.987836107554,3857.56754161332,55.58%,44.42%,11.17%,7.44%,7.98%,25.36%,0.50%,1.00%,22.37%,0.47%,20.81%,14.08%
S04*,下大窩口,8110.49295774648,347.078745198464,291.330345710627,1100.58130601793,20.6808578745198,50.3533930857875,925.243597951344,36.8658770806658,987.286171574904,419.012163892446,4178.43245838669,60.86%,39.14%,21.71%,8.31%,6.97%,26.34%,0.49%,1.21%,22.14%,0.88%,23.63%,10.03%
S05,葵涌邨北,8460,213,347,563,14,26,461,24,2128,773,4549,65.25%,34.75%,30.49%,4.68%,7.63%,12.38%,0.31%,0.57%,10.13%,0.53%,46.78%,16.99%
S06*,葵涌邨南,9377.14665190924,228.875484228002,444.842280022136,635.641671278362,27.9847814056447,34.9806308799115,615.687327061428,29.977863862756,1942.92501383509,896.757885998893,4857.67293857222,59.71%,40.29%,19.41%,4.71%,9.16%,13.09%,0.58%,0.72%,12.67%,0.62%,40.00%,18.46%
S07*,石蔭,11387.6885652309,564.149519677719,494.403625658506,1456.3204989154,26.8002014254726,70.6004028509451,492.433684536721,44.4549116826774,1498.91586612953,1371.6501394484,6019.72885032537,60.82%,39.18%,21.64%,9.37%,8.21%,24.19%,0.45%,1.17%,8.18%,0.74%,24.90%,22.79%
S08,安蔭,9178,431,314,1022,38,95,1376,35,982,414,4707,55.30%,44.70%,10.60%,9.16%,6.67%,21.71%,0.81%,2.02%,29.23%,0.74%,20.86%,8.80%
S09*,石籬南,10952.9461484871,623.213629752612,564.185825346812,1544.58025012497,37.0101845966627,74.0203691933255,566.5460591406,83.3464063478995,1133.44631722759,991.668228383236,5618.01727011371,62.22%,37.78%,24.44%,11.09%,10.04%,27.49%,0.66%,1.32%,10.08%,1.48%,20.18%,17.65%
S10*,石籬北,9635.56275178184,512.39897737837,457.004493337465,1437.94848156182,25.3891385187481,50.7782770374961,426.229779981407,46.1620700340874,853.998295630617,972.480942051441,4782.39045553145,61.20%,38.80%,22.39%,10.71%,9.56%,30.07%,0.53%,1.06%,8.91%,0.97%,17.86%,20.33%
S11*,大白田,8847.75488069414,468.503253796095,393.394793926247,1162.73210412148,26.9663774403471,62.9327548806941,357.223427331887,33.7570498915401,848.505422993492,1471.01518438178,4825.03036876356,53.96%,46.04%,7.91%,9.71%,8.15%,24.10%,0.56%,1.30%,7.40%,0.70%,17.59%,30.49%
S12,葵芳,10207,194,414,574,16,36,371,22,3235,707,5569,73.21%,26.79%,46.42%,3.48%,7.43%,10.31%,0.29%,0.65%,6.66%,0.40%,58.09%,12.70%
S13*,華麗,8370.04765380605,467.734619395203,512.01126173097,1070.41866527633,40.8340980187696,52.6681960375391,591.567049009385,39.2795620437956,850.13409801877,697.185505735141,4321.8330552659,58.33%,41.67%,16.67%,10.82%,11.85%,24.77%,0.94%,1.22%,13.69%,0.91%,19.67%,16.13%
S14,荔華,7240,477,542,993,35,62,340,26,787,854,4116,57.82%,42.18%,15.65%,11.59%,13.17%,24.13%,0.85%,1.51%,8.26%,0.63%,19.12%,20.75%
S15,祖堯,7734,469,420,1043,23,44,310,37,924,1583,4853,52.34%,47.66%,4.68%,9.66%,8.65%,21.49%,0.47%,0.91%,6.39%,0.76%,19.04%,32.62%
S16*,興芳,9095.52790420839,394.241649744416,461.397381135775,1150.72144807787,22.7702541838807,52.0017505776906,434.789860654016,32.1550311602829,1644.76486240459,1123.81576920384,5316.65800714236,62.01%,37.99%,24.01%,7.42%,8.68%,21.64%,0.43%,0.98%,8.18%,0.60%,30.94%,21.14%
S17,荔景,7875,486,370,822,31,30,441,26,977,698,3881,61.12%,38.88%,22.24%,12.52%,9.53%,21.18%,0.80%,0.77%,11.36%,0.67%,25.17%,17.99%
S18,葵盛西邨,10399,287,302,774,22,33,1591,27,1907,411,5354,56.97%,43.03%,13.93%,5.36%,5.64%,14.46%,0.41%,0.62%,29.72%,0.50%,35.62%,7.68%
S19*,安灝,11375.1864156934,625.941830139472,628.740900328835,1553.06055108289,47.4608232225876,80.4396190044223,704.969497675473,53.5686585780701,1385.12053520807,1071.29844653589,6150.60086177571,60.90%,39.10%,21.80%,10.18%,10.22%,25.25%,0.77%,1.31%,11.46%,0.87%,22.52%,17.42%
S20*,偉盈,8678.32531259851,667.377850162867,567.667121992225,1567.90953031417,46.7540191236734,73.3729116318168,858.556267731428,40.9675317852264,1164.45560575812,742.966901334454,5730.02773983398,62.14%,37.86%,24.29%,11.65%,9.91%,27.36%,0.82%,1.28%,14.98%,0.71%,20.32%,12.97%
S21,青衣邨,9904,521,562,1373,41,75,762,40,1246,676,5296,62.24%,37.76%,24.47%,9.84%,10.61%,25.93%,0.77%,1.42%,14.39%,0.76%,23.53%,12.76%
S22*,翠怡,8734.67468740149,590.622149837134,555.332878007776,1431.09046968583,43.2459808763266,69.6270883681833,591.443732268572,42.0324682147736,1317.54439424188,1014.03309866555,5654.97226016603,61.79%,38.21%,23.58%,10.44%,9.82%,25.31%,0.76%,1.23%,10.46%,0.74%,23.30%,17.93%
S23,長青,10235,504,592,1279,32,56,813,57,1182,691,5206,59.74%,40.26%,19.48%,9.68%,11.37%,24.57%,0.61%,1.08%,15.62%,1.09%,22.70%,13.27%
S24*,長康,8722.38195050946,484.153129548763,598.584570596798,973.559534206696,33.7717612809316,50.2157205240175,495.107423580786,74.0538573508006,997.140320232897,616.978748180495,4323.56506550219,60.43%,39.57%,20.87%,11.20%,13.84%,22.52%,0.78%,1.16%,11.45%,1.71%,23.06%,14.27%
S25*,盛康,9568.61804949054,477.846870451237,455.415429403202,951.440465793304,30.2282387190684,58.7842794759825,481.892576419214,52.9461426491994,1015.8596797671,1218.02125181951,4742.43493449782,54.55%,45.45%,9.10%,10.08%,9.60%,20.06%,0.64%,1.24%,10.16%,1.12%,21.42%,25.68%
S26*,青衣南,9299.97939964685,458.464783205807,463.897390621935,1103.87178732588,58.566117323916,59.3864037669217,492.566215420836,71.237492642731,937.828134196586,1381.80890720031,5027.62723170492,53.49%,46.51%,6.98%,9.12%,9.23%,21.96%,1.16%,1.18%,9.80%,1.42%,18.65%,27.48%
S27*^,長亨,8549.02060035315,593.535216794193,604.102609378066,1098.12821267412,48.433882676084,76.6135962330783,734.433784579164,60.762507357269,1046.17186580341,1245.19109279969,5507.37276829507,53.09%,46.91%,6.17%,10.78%,10.97%,19.94%,0.88%,1.39%,13.34%,1.10%,19.00%,22.61%
S28*,青發,10983.8135843066,657.058169860528,665.259099671165,1732.93944891711,45.5391767774124,62.5603809955777,598.030502324527,40.4313414219299,1507.87946479193,1010.70155346411,6320.39913822429,64.02%,35.98%,28.04%,10.40%,10.53%,27.42%,0.72%,0.99%,9.46%,0.64%,23.86%,15.99%
S29,長安,9467,385,348,1095,28,53,461,37,1070,1279,4756,56.10%,43.90%,12.20%,8.10%,7.32%,23.02%,0.59%,1.11%,9.69%,0.78%,22.50%,26.89%
T01*,大嶼山,6676.33980829418,266.435401789878,223.84508209684,616.842399434295,47.6319440819263,84.1323921607066,344.084123442944,37.6757905953813,558.001021286716,1025.10335434567,3203.75150923436,50.28%,49.72%,0.55%,8.32%,6.99%,19.25%,1.49%,2.63%,10.74%,1.18%,17.42%,32.00%
T02,逸東邨北,8880,358,319,941,30,47,1536,54,648,391,4324,48.06%,51.94%,-3.89%,8.28%,7.38%,21.76%,0.69%,1.09%,35.52%,1.25%,14.99%,9.04%
T03,逸東邨南,11048,487,398,1429,62,81,1101,46,977,622,5203,59.24%,40.76%,18.47%,9.36%,7.65%,27.46%,1.19%,1.56%,21.16%,0.88%,18.78%,11.95%
T04*,東涌北,6722.73819418209,506.364020414002,533.343527065356,1049.03708880343,24.5331405239342,105.983167063396,293.922892652805,29.439768628721,508.326671655917,961.575556095933,4012.52583290349,55.42%,44.58%,10.84%,12.62%,13.29%,26.14%,0.61%,2.64%,7.33%,0.73%,12.67%,23.96%
T05,東涌南,10052,509,315,1474,57,84,474,44,917,1513,5387,57.27%,42.73%,14.53%,9.45%,5.85%,27.36%,1.06%,1.56%,8.80%,0.82%,17.02%,28.09%
T06,愉景灣,3705,297,277,588,18,107,87,4,277,308,1963,65.77%,34.23%,31.53%,15.13%,14.11%,29.95%,0.92%,5.45%,4.43%,0.20%,14.11%,15.69%
T07,坪洲及喜靈洲,3500,141,171,294,13,14,184,14,476,582,1889,50.40%,49.60%,0.79%,7.46%,9.05%,15.56%,0.69%,0.74%,9.74%,0.74%,25.20%,30.81%
T08,南丫及蒲台,2206,109,82,285,8,37,72,6,187,405,1191,53.06%,46.94%,6.13%,9.15%,6.88%,23.93%,0.67%,3.11%,6.05%,0.50%,15.70%,34.01%
T09,長洲南,5852,272,210,620,31,37,194,25,478,676,2543,57.53%,42.47%,15.06%,10.70%,8.26%,24.38%,1.22%,1.45%,7.63%,0.98%,18.80%,26.58%
T10*,長洲北,5351.92199752373,245.200577796121,156.811390837804,499.120511762278,19.8349153941395,22.8844407758976,136.992983904251,21.8844407758976,343.672307057367,794.321089558399,2240.72265786216,51.44%,48.56%,2.88%,10.94%,7.00%,22.27%,0.89%,1.02%,6.11%,0.98%,15.34%,35.45%
N01*,聯和墟,9554.47751430908,819.902425729082,523.924775143091,1446.57999454892,36.3992913600436,86.5020441537204,429.342872717362,85.3499591169256,790.31289179613,1326.10084491687,5544.41509948215,58.89%,41.11%,17.78%,14.79%,9.45%,26.09%,0.66%,1.56%,7.74%,1.54%,14.25%,23.92%
N02,粉嶺市,5593,444,369,812,32,58,258,40,552,597,3162,61.29%,38.71%,22.58%,14.04%,11.67%,25.68%,1.01%,1.83%,8.16%,1.27%,17.46%,18.88%
N03,祥華,11015,847,498,1504,45,85,519,83,832,1082,5495,61.80%,38.20%,23.60%,15.41%,9.06%,27.37%,0.82%,1.55%,9.44%,1.51%,15.14%,19.69%
N04,華都,10641,873,494,1622,50,100,473,106,1008,1525,6251,60.13%,39.87%,20.27%,13.97%,7.90%,25.95%,0.80%,1.60%,7.57%,1.70%,16.13%,24.40%
N05,華明,11425,733,422,1579,45,117,482,288,993,1203,5862,64.06%,35.94%,28.11%,12.50%,7.20%,26.94%,0.77%,2.00%,8.22%,4.91%,16.94%,20.52%
N06,欣盛,12942,843,400,1819,49,97,441,146,1167,2166,7128,57.81%,42.19%,15.63%,11.83%,5.61%,25.52%,0.69%,1.36%,6.19%,2.05%,16.37%,30.39%
N07,盛福,9478,649,415,1343,43,60,850,117,942,936,5355,58.90%,41.10%,17.80%,12.12%,7.75%,25.08%,0.80%,1.12%,15.87%,2.18%,17.59%,17.48%
N08,粉嶺南,6001,561,402,1140,33,65,268,67,711,884,4131,62.38%,37.62%,24.76%,13.58%,9.73%,27.60%,0.80%,1.57%,6.49%,1.62%,17.21%,21.40%
N09*,清河,8722.42347279078,499.582957017077,285.739329659214,856.296249204548,27.6521931928272,70.0522227551621,405.565500161465,75.5826613937276,631.391744569554,1465.56623921984,4317.42909717342,50.04%,49.96%,0.09%,11.57%,6.62%,19.83%,0.64%,1.62%,9.39%,1.75%,14.62%,33.95%
N10*,御太,7771.57652720922,414.417042982923,326.260670340786,934.703750795452,32.3478068071728,53.9477772448379,685.434499838535,59.4173386062724,666.608255430447,1055.43376078016,4228.57090282659,51.12%,48.88%,2.23%,9.80%,7.72%,22.10%,0.76%,1.28%,16.21%,1.41%,15.76%,24.96%
N11,上水鄉郊,9138,633,516,1092,38,71,409,62,636,1250,4707,53.79%,46.21%,7.58%,13.45%,10.96%,23.20%,0.81%,1.51%,8.69%,1.32%,13.51%,26.56%
N12,彩園,10677,773,446,1211,44,84,537,94,838,1471,5498,55.37%,44.63%,10.73%,14.06%,8.11%,22.03%,0.80%,1.53%,9.77%,1.71%,15.24%,26.76%
N13,石湖墟,8622,811,423,1334,24,58,420,69,795,975,4909,62.97%,37.03%,25.93%,16.52%,8.62%,27.17%,0.49%,1.18%,8.56%,1.41%,16.19%,19.86%
N14,天平西,9845,721,338,1404,27,91,860,92,741,765,5039,61.04%,38.96%,22.09%,14.31%,6.71%,27.86%,0.54%,1.81%,17.07%,1.83%,14.71%,15.18%
N15,鳳翠,8015,546,311,993,33,66,378,70,712,1053,4162,58.15%,41.85%,16.29%,13.12%,7.47%,23.86%,0.79%,1.59%,9.08%,1.68%,17.11%,25.30%
N16,沙打,8208,346,237,569,39,70,315,46,413,1622,3657,40.55%,59.45%,-18.90%,9.46%,6.48%,15.56%,1.07%,1.91%,8.61%,1.26%,11.29%,44.35%
N17*,天平東,8914.52248569092,703.097574270919,387.075224856909,1293.42000545108,35.6007086399564,67.4979558462796,504.657127282638,76.6500408830744,752.68710820387,931.899155083129,4752.58490051786,61.63%,38.37%,23.26%,14.79%,8.14%,27.22%,0.75%,1.42%,10.62%,1.61%,15.84%,19.61%
N18^,皇后山,7824,399,383,799,21,56,294,48,521,905,3426,53.82%,46.18%,7.65%,11.65%,11.18%,23.32%,0.61%,1.63%,8.58%,1.40%,15.21%,26.42%
P01*,大埔墟,5686.04460431655,357.513669064748,226.074820143885,715.903597122302,18.4014388489209,38.5553956834532,231.332374100719,79.7395683453237,394.31654676259,769.355395683453,2831.1928057554,56.67%,43.33%,13.34%,12.63%,7.99%,25.29%,0.65%,1.36%,8.17%,2.82%,13.93%,27.17%
P02,大埔中,7065,741,352,1350,27,61,303,132,717,950,4633,65.36%,34.64%,30.71%,15.99%,7.60%,29.14%,0.58%,1.32%,6.54%,2.85%,15.48%,20.51%
P03,頌汀,8377,644,395,1244,41,93,376,171,875,963,4802,63.89%,36.11%,27.78%,13.41%,8.23%,25.91%,0.85%,1.94%,7.83%,3.56%,18.22%,20.05%
P04,大元,8635,617,343,910,34,77,413,129,699,889,4111,59.99%,40.01%,19.97%,15.01%,8.34%,22.14%,0.83%,1.87%,10.05%,3.14%,17.00%,21.62%
P05,富亨,11187,832,420,1477,49,113,505,212,1016,1025,5649,65.48%,34.52%,30.96%,14.73%,7.43%,26.15%,0.87%,2.00%,8.94%,3.75%,17.99%,18.14%
P06,怡富,11276,679,375,1526,30,49,480,951,818,1177,6085,66.61%,33.39%,33.21%,11.16%,6.16%,25.08%,0.49%,0.81%,7.89%,15.63%,13.44%,19.34%
P07,富明新,8635,521,341,1202,29,48,466,901,721,792,5021,68.15%,31.85%,36.31%,10.38%,6.79%,23.94%,0.58%,0.96%,9.28%,17.94%,14.36%,15.77%
P08,廣福及寶湖,8559,610,314,1005,33,71,482,106,686,1309,4616,54.40%,45.60%,8.80%,13.21%,6.80%,21.77%,0.71%,1.54%,10.44%,2.30%,14.86%,28.36%
P09,宏福,8124,663,361,1089,28,61,440,92,639,1116,4489,57.30%,42.70%,14.59%,14.77%,8.04%,24.26%,0.62%,1.36%,9.80%,2.05%,14.23%,24.86%
P10*,大埔滘,7628.84255319149,619.171760154739,463.749709864604,1265.97330754352,25.2177949709865,87.1152804642166,317.728820116054,72.4564796905222,712.649129593811,1248.42243713733,4812.48471953578,57.82%,42.18%,15.64%,12.87%,9.64%,26.31%,0.52%,1.81%,6.60%,1.51%,14.81%,25.94%
P11*,運頭塘,11032.114586934,889.721914967162,551.680262703076,1667.71690286899,57.3147251987556,115.911683373661,568.486346353267,125.919806429312,1133.49654338057,1228.14223988939,6338.39042516418,62.95%,37.05%,25.90%,14.04%,8.70%,26.31%,0.90%,1.83%,8.97%,1.99%,17.88%,19.38%
P12*,新富,8440.1261116591,707.833783669452,450.207409524702,1354.572940156,34.5045436551339,87.3456910377362,428.194802648239,97.8121960939085,822.604868255247,1121.07506584112,5104.15130088154,60.83%,39.17%,21.65%,13.87%,8.82%,26.54%,0.68%,1.71%,8.39%,1.92%,16.12%,21.96%
P13*,林村谷,9576.68580477366,721.285534816158,412.408828320954,1311.35512169205,37.4033187761733,102.932944048483,358.650706512098,125.135460525415,871.149808352895,1560.79815084356,5501.11987388779,57.61%,42.39%,15.22%,13.11%,7.50%,23.84%,0.68%,1.87%,6.52%,2.27%,15.84%,28.37%
P14,寶雅,10077,663,410,1405,54,77,443,291,884,1180,5407,62.40%,37.60%,24.80%,12.26%,7.58%,25.98%,1.00%,1.42%,8.19%,5.38%,16.35%,21.82%
P15,太和,10530,730,422,1212,50,85,536,130,859,1048,5072,60.45%,39.55%,20.90%,14.39%,8.32%,23.90%,0.99%,1.68%,10.57%,2.56%,16.94%,20.66%
P16,舊墟及太湖,6771,716,384,1298,33,71,254,115,724,755,4350,67.98%,32.02%,35.95%,16.46%,8.83%,29.84%,0.76%,1.63%,5.84%,2.64%,16.64%,17.36%
P17*,康樂園,7462.18633912523,562.473337327741,382.87896944278,1218.47813061714,24.15817855003,90.1390053924506,274.606950269623,88.9364889155183,656.783103654883,1250.20671060515,4548.66087477532,58.06%,41.94%,16.12%,12.37%,8.42%,26.79%,0.53%,1.98%,6.04%,1.96%,14.44%,27.49%
P18^,船灣,7747,529,370,977,36,65,234,62,608,1277,4158,54.76%,45.24%,9.52%,12.72%,8.90%,23.50%,0.87%,1.56%,5.63%,1.49%,14.62%,30.71%
P19*,西貢北,5090.9993425378,410.05325443787,362.510848126233,762.659434582512,16.8379355687048,50.5138067061144,172.341222879684,29.7140039447732,462.547994740302,565.556541748849,2832.73504273504,61.15%,38.85%,22.31%,14.48%,12.80%,26.92%,0.59%,1.78%,6.08%,1.05%,16.33%,19.97%
Q01*,西貢市中心,5837.68866636322,358.600819299044,295.53026854802,706.666363222576,29.0318616294948,63.1115157032317,157.257168866636,43.569412835685,405.673645880747,862.784706417843,2922.22576240328,54.98%,45.02%,9.96%,12.27%,10.11%,24.18%,0.99%,2.16%,5.38%,1.49%,13.88%,29.52%
Q02*,白沙灣,6472.16702819957,423.954446854664,423.574837310195,835.579175704989,24.2147505422994,69.3405639913232,205.718004338395,51.0498915401302,488.281995661605,899.375271149675,3421.08893709328,55.32%,44.68%,10.63%,12.39%,12.38%,24.42%,0.71%,2.03%,6.01%,1.49%,14.27%,26.29%
Q03*,西貢離島,4077.31199109898,267.345926263086,235.958883325747,518.674202194913,14.1302028018004,49.3746775906539,114.40160825368,30.7165832195418,299.778359378952,568.658751833308,2099.03919486168,56.22%,43.78%,12.43%,12.74%,11.24%,24.71%,0.67%,2.35%,5.45%,1.46%,14.28%,27.09%
Q04*,坑口東,4283.32072390237,306.172536145377,263.758174161029,556.631109895212,14.0132477782199,58.4670380687094,148.436546624221,31.0044684308264,312.679160034487,590.745398925587,2281.90768006367,56.05%,43.95%,12.10%,13.42%,11.56%,24.39%,0.61%,2.56%,6.50%,1.36%,13.70%,25.89%
Q05*,坑口西,5883.33997824905,419.162761681654,373.356241952265,832.201275954387,23.8619012679044,58.9239151981775,231.221715679033,47.2080635791196,482.467203169072,773.913572952618,3242.31665143423,57.48%,42.52%,14.97%,12.93%,11.52%,25.67%,0.74%,1.82%,7.13%,1.46%,14.88%,23.87%
Q06,寶怡,8574,730,574,1139,32,93,691,64,735,761,4819,57.96%,42.04%,15.92%,15.15%,11.91%,23.64%,0.66%,1.93%,14.34%,1.33%,15.25%,15.79%
Q07,維景,5471,734,489,1192,23,54,241,37,630,620,4020,66.42%,33.58%,32.84%,18.26%,12.16%,29.65%,0.57%,1.34%,6.00%,0.92%,15.67%,15.42%
Q08,都善,5125,463,458,825,18,47,271,49,443,569,3143,58.70%,41.30%,17.40%,14.73%,14.57%,26.25%,0.57%,1.50%,8.62%,1.56%,14.09%,18.10%
Q09,健明,8244,502,536,896,33,78,449,284,581,774,4133,57.44%,42.56%,14.88%,12.15%,12.97%,21.68%,0.80%,1.89%,10.86%,6.87%,14.06%,18.73%
Q10,彩健,10506,723,592,1258,65,100,639,116,931,1017,5441,58.68%,41.32%,17.37%,13.29%,10.88%,23.12%,1.19%,1.84%,11.74%,2.13%,17.11%,18.69%
Q11,澳唐,7988,815,548,1318,30,75,473,210,795,837,5101,63.58%,36.42%,27.15%,15.98%,10.74%,25.84%,0.59%,1.47%,9.27%,4.12%,15.59%,16.41%
Q12,富君,8943,862,661,1317,46,80,491,78,854,948,5337,60.65%,39.35%,21.30%,16.15%,12.39%,24.68%,0.86%,1.50%,9.20%,1.46%,16.00%,17.76%
Q13,軍寶,5029,589,436,1008,18,49,252,67,628,536,3583,65.84%,34.16%,31.68%,16.44%,12.17%,28.13%,0.50%,1.37%,7.03%,1.87%,17.53%,14.96%
Q14,南安,8566,879,572,1498,29,89,541,90,954,977,5629,62.87%,37.13%,25.74%,15.62%,10.16%,26.61%,0.52%,1.58%,9.61%,1.60%,16.95%,17.36%
Q15*,康景,10529.843058059,1087.45106557391,733.56216973644,1786.10271000608,52.8070719691291,86.7740675483767,565.913899411031,156.746905676669,1035.16520949765,1072.73267463657,6577.25577405586,63.93%,36.07%,27.87%,16.53%,11.15%,27.16%,0.80%,1.32%,8.60%,2.38%,15.74%,16.31%
Q16,翠林,10375,806,616,1372,42,81,594,119,884,769,5283,62.54%,37.46%,25.08%,15.26%,11.66%,25.97%,0.80%,1.53%,11.24%,2.25%,16.73%,14.56%
Q17*,寶林,10768.4414471596,786.187559504919,629.487305617264,1401.34798476674,44.7715011107585,92.2292922881625,583.820374484291,131.62821326563,840.808790860044,829.168200571247,5339.44922246906,61.75%,38.25%,23.49%,14.72%,11.79%,26.25%,0.84%,1.73%,10.93%,2.47%,15.75%,15.53%
Q18,欣英,10171,981,744,1631,29,76,545,213,988,938,6145,63.76%,36.24%,27.52%,15.96%,12.11%,26.54%,0.47%,1.24%,8.87%,3.47%,16.08%,15.26%
Q19*,運亨,9029.20848833277,1043.24416638485,733.019445383835,1728.76885356781,40.3447751099087,81.7321609739601,483.326006087251,181.366925938451,944.276800811633,942.810280689888,6178.88941494759,65.06%,34.94%,30.11%,16.88%,11.86%,27.98%,0.65%,1.32%,7.82%,2.94%,15.28%,15.26%
Q20,景林,11793,813,593,1483,65,87,709,140,976,1307,6173,57.74%,42.26%,15.47%,13.17%,9.61%,24.02%,1.05%,1.41%,11.49%,2.27%,15.81%,21.17%
Q21,厚德,11149,877,658,1554,48,96,639,106,1004,1275,6257,58.89%,41.11%,17.79%,14.02%,10.52%,24.84%,0.77%,1.53%,10.21%,1.69%,16.05%,20.38%
Q22,富藍,9107,835,583,1366,35,99,416,86,832,1217,5469,59.48%,40.52%,18.96%,15.27%,10.66%,24.98%,0.64%,1.81%,7.61%,1.57%,15.21%,22.25%
Q23*,德明,11202.6792760976,1028.82746385462,655.241825838971,1626.36889010479,44.9867522217801,109.532961931291,596.563453375779,88.9955315691736,1051.32083996551,1276.25460107441,6478.09231993632,60.98%,39.02%,21.95%,15.88%,10.11%,25.11%,0.69%,1.69%,9.21%,1.37%,16.23%,19.70%
Q24,尚德,12166,617,396,1465,66,106,1190,173,979,767,5759,59.14%,40.86%,18.28%,10.71%,6.88%,25.44%,1.15%,1.84%,20.66%,3.00%,17.00%,13.32%
Q25,廣明,10861,880,554,1445,61,98,595,84,827,1590,6134,55.35%,44.65%,10.69%,14.35%,9.03%,23.56%,0.99%,1.60%,9.70%,1.37%,13.48%,25.92%
Q26*,環保北,5620.07105686441,687.555587094332,547.746806698836,1115.51717286404,35.0058662125083,73.8382060743684,295.632226322263,42.9382155360015,634.473270886555,605.449711420191,4038.1570631091,64.12%,35.88%,28.24%,17.03%,13.56%,27.62%,0.87%,1.83%,7.32%,1.06%,15.71%,14.99%
Q27*,環保南,5513.92894313559,658.444412905668,562.253193301164,1057.48282713596,35.9941337874917,65.1617939256316,282.367773677737,44.0617844639985,576.526729113445,643.550288579809,3925.8429368909,62.09%,37.91%,24.19%,16.77%,14.32%,26.94%,0.92%,1.66%,7.19%,1.12%,14.69%,16.39%
R01,沙田市中心,7942,881,559,1587,36,92,289,45,810,815,5114,67.48%,32.52%,34.96%,17.23%,10.93%,31.03%,0.70%,1.80%,5.65%,0.88%,15.84%,15.94%
R02,瀝源,7648,557,482,862,33,91,415,68,665,658,3831,59.41%,40.59%,18.82%,14.54%,12.58%,22.50%,0.86%,2.38%,10.83%,1.77%,17.36%,17.18%
R03,禾輋邨,11144,717,516,1228,66,88,594,75,925,1093,5302,58.45%,41.55%,16.90%,13.52%,9.73%,23.16%,1.24%,1.66%,11.20%,1.41%,17.45%,20.61%
R04,第一城,7618,958,534,1644,30,99,318,47,980,757,5367,70.02%,29.98%,40.04%,17.85%,9.95%,30.63%,0.56%,1.84%,5.93%,0.88%,18.26%,14.10%
R05,愉城,7461,826,478,1462,29,72,323,60,834,814,4898,67.03%,32.97%,34.05%,16.86%,9.76%,29.85%,0.59%,1.47%,6.59%,1.22%,17.03%,16.62%
R06,王屋,7164,763,558,1353,29,72,301,75,802,733,4686,66.03%,33.97%,32.05%,16.28%,11.91%,28.87%,0.62%,1.54%,6.42%,1.60%,17.11%,15.64%
R07,沙角,9713,752,516,1144,29,65,601,152,774,1019,5052,57.72%,42.28%,15.44%,14.89%,10.21%,22.64%,0.57%,1.29%,11.90%,3.01%,15.32%,20.17%
R08,博康,11128,887,566,1435,41,73,626,196,892,961,5677,62.08%,37.92%,24.15%,15.62%,9.97%,25.28%,0.72%,1.29%,11.03%,3.45%,15.71%,16.93%
R09,乙明,10063,827,624,1373,31,69,596,220,851,922,5513,61.15%,38.85%,22.29%,15.00%,11.32%,24.90%,0.56%,1.25%,10.81%,3.99%,15.44%,16.72%
R10*,秦豐,8364.51762138571,797.138134206219,540.315439170758,1511.30278232406,36.5478450627387,63.217894162575,495.865357337698,64.2056737588653,771.455864702673,830.722640480087,5110.77163120567,63.47%,36.53%,26.94%,15.60%,10.57%,29.57%,0.72%,1.24%,9.70%,1.26%,15.09%,16.25%
R11*,新田圍,8551.80151457163,716.860493930839,479.135555975609,1150.15162659053,36.1027961357393,62.1496542656659,706.065063489535,133.247118936231,716.530574738946,612.564326247785,4612.80721031088,61.03%,38.97%,22.05%,15.54%,10.39%,24.93%,0.78%,1.35%,15.31%,2.89%,15.53%,13.28%
R12*,翠田,8094.13596161748,668.026696782845,439.278216718539,1329.09892049562,25.8455707000689,63.0762479450562,411.191370172386,248.444254450412,755.443457803649,801.019261883621,4741.4239969522,65.17%,34.83%,30.34%,14.09%,9.26%,28.03%,0.55%,1.33%,8.67%,5.24%,15.93%,16.89%
R13*,顯嘉,8897.73971951509,701.743760399334,578.898740194913,1444.12550511053,39.396719752793,90.41407178512,484.77775136677,80.6726883765153,885.330639410506,653.778226764916,4959.1381031614,65.37%,34.63%,30.74%,14.15%,11.67%,29.12%,0.79%,1.82%,9.78%,1.63%,17.85%,13.18%
R14,下城門,7950,543,438,942,34,84,525,63,671,802,4102,56.97%,43.03%,13.94%,13.24%,10.68%,22.96%,0.83%,2.05%,12.80%,1.54%,16.36%,19.55%
R15*,雲城,8262.87824154112,780.870091380588,577.4877747592,1396.11138552729,27.9839466534947,78.3786120029637,395.418127932823,62.014324524574,813.250432205483,886.389725858237,5017.90442084465,62.95%,37.05%,25.89%,15.56%,11.51%,27.82%,0.56%,1.56%,7.88%,1.24%,16.21%,17.66%
R16*,徑口,11036.3820389438,956.386148220078,717.613485045887,1598.76310936218,42.6193335937124,91.2073162119163,584.804120700408,80.3129870989107,963.418928384011,1023.83204737685,6058.95747599395,61.61%,38.39%,23.21%,15.78%,11.84%,26.39%,0.70%,1.51%,9.65%,1.33%,15.90%,16.90%
R17*,田心,8397.14013324144,639.705949919596,435.799678382725,1023.52951987135,37.982540776476,54.9747300712153,479.779462439697,83.9614059269469,763.648977716517,756.652193889272,4276.0344589938,60.89%,39.11%,21.79%,14.96%,10.19%,23.94%,0.89%,1.29%,11.22%,1.96%,17.86%,17.70%
R18*,翠嘉,9173.40476918374,705.268725160501,472.471109752369,1167.91715071843,26.5212473249771,78.5814735554876,493.098746560685,269.141546927545,779.921125038215,884.041577499236,4876.96270253745,62.07%,37.93%,24.15%,14.46%,9.69%,23.95%,0.54%,1.61%,10.11%,5.52%,15.99%,18.13%
R19,大圍,11768,878,449,1633,46,88,567,98,936,2023,6718,54.76%,45.24%,9.53%,13.07%,6.68%,24.31%,0.68%,1.31%,8.44%,1.46%,13.93%,30.11%
R20,松田,7285,573,447,1198,30,69,305,64,741,907,4334,61.72%,38.28%,23.44%,13.22%,10.31%,27.64%,0.69%,1.59%,7.04%,1.48%,17.10%,20.93%
R21,穗禾,7049,675,472,1308,31,95,237,52,753,936,4559,63.92%,36.08%,27.84%,14.81%,10.35%,28.69%,0.68%,2.08%,5.20%,1.14%,16.52%,20.53%
R22,火炭,6805,600,479,1152,21,66,257,40,648,888,4151,60.88%,39.12%,21.75%,14.45%,11.54%,27.75%,0.51%,1.59%,6.19%,0.96%,15.61%,21.39%
R23,駿馬,4676,469,436,859,10,53,181,29,437,603,3077,60.35%,39.65%,20.70%,15.24%,14.17%,27.92%,0.32%,1.72%,5.88%,0.94%,14.20%,19.60%
R24,頌安,10063,815,503,1653,46,90,368,80,1005,1642,6202,59.48%,40.52%,18.96%,13.14%,8.11%,26.65%,0.74%,1.45%,5.93%,1.29%,16.20%,26.48%
R25,錦濤,11187,1007,590,1744,41,121,457,84,1127,1614,6785,60.78%,39.22%,21.56%,14.84%,8.70%,25.70%,0.60%,1.78%,6.74%,1.24%,16.61%,23.79%
R26,馬鞍山市中心,7772,767,610,1518,49,65,397,44,901,833,5184,64.51%,35.49%,29.01%,14.80%,11.77%,29.28%,0.95%,1.25%,7.66%,0.85%,17.38%,16.07%
R27*,利安,9531.4036809619,842.70132593522,546.739303283547,1551.45442127373,32.2117147032405,77.3051260202971,447.22644664785,68.7757494775102,897.482010112074,1054.40817835421,5518.30427580768,62.88%,37.12%,25.76%,15.27%,9.91%,28.11%,0.58%,1.40%,8.10%,1.25%,16.26%,19.11%
R28*,富龍,10527.7693618914,1080.99177351219,619.687838138294,1794.1520788557,49.3326910249759,95.203438820129,534.004743200178,87.4140665530275,1082.7227451271,1177.92618394723,6521.43555917882,64.25%,35.75%,28.49%,16.58%,9.50%,27.51%,0.76%,1.46%,8.19%,1.34%,16.60%,18.06%
R29*,烏溪沙,5335.8269571467,561.30690055259,328.572858578159,1033.39349987057,21.4555942717836,51.4914351595739,268.768810151972,45.8101839694628,597.795244760826,633.66563769856,3542.2601650135,65.25%,34.75%,30.50%,15.85%,9.28%,29.17%,0.61%,1.45%,7.59%,1.29%,16.88%,17.89%
R30,錦英,9655,952,607,1766,36,87,494,57,1016,1162,6177,63.36%,36.64%,26.73%,15.41%,9.83%,28.59%,0.58%,1.41%,8.00%,0.92%,16.45%,18.81%
R31,耀安,12843,883,523,1938,48,115,502,97,1201,1712,7019,61.01%,38.99%,22.01%,12.58%,7.45%,27.61%,0.68%,1.64%,7.15%,1.38%,17.11%,24.39%
R32,恒安,14659,1043,673,2181,49,112,1109,110,1232,1108,7617,62.06%,37.94%,24.12%,13.69%,8.84%,28.63%,0.64%,1.47%,14.56%,1.44%,16.17%,14.55%
R33*,鞍泰,10621.9957790076,1085.83903948973,667.708470124754,1880.43401181878,33.2168652096426,102.650595628928,344.800206359629,102.642435043617,1135.53587843542,1479.0430541225,6831.870556233,63.53%,36.47%,27.06%,15.89%,9.77%,27.52%,0.49%,1.50%,5.05%,1.50%,16.62%,21.65%
R34*,大水坑,10534.0042209924,792.160960510271,574.291529875246,1514.56598818122,37.7831347903574,95.3494043710721,461.199793640371,84.3575649563831,953.464121564581,1298.9569458775,5812.129443767,59.83%,40.17%,19.67%,13.63%,9.88%,26.06%,0.65%,1.64%,7.94%,1.45%,16.40%,22.35%
R35,愉欣,8766,824,582,1532,38,104,357,74,952,921,5384,65.45%,34.55%,30.91%,15.30%,10.81%,28.45%,0.71%,1.93%,6.63%,1.37%,17.68%,17.11%
R36,碧湖,7479,773,526,1264,39,80,293,45,770,1169,4959,59.91%,40.09%,19.82%,15.59%,10.61%,25.49%,0.79%,1.61%,5.91%,0.91%,15.53%,23.57%
R37,廣康,9198,789,534,1583,31,94,365,71,951,1252,5670,62.06%,37.94%,24.13%,13.92%,9.42%,27.92%,0.55%,1.66%,6.44%,1.25%,16.77%,22.08%
R38,廣源,8817,603,436,1211,53,91,440,81,896,832,4643,63.21%,36.79%,26.43%,12.99%,9.39%,26.08%,1.14%,1.96%,9.48%,1.74%,19.30%,17.92%
Misplaced,入錯票箱,-,10,4,16,2,1,5,1,16,3,58,,,,,,,,,,,,
,,,,,,,,,,,,,,,,12.77%,15.93%,25.74%,0.90%,1.48%,12.21%,1.24%,15.89%,13.84%
