號碼,選區,選民人數,投票率,黃潤達,尹兆堅,高志輝,周永勤,鄭松泰,鄺官穩,田北辰,何君堯,梁志祥,郭家麒,黃浩銘,李卓人,黃俊傑,麥美娟,馮檢基,陳恒鑌,張慧晶,呂智恆,湯詠芝,朱凱廸,總有效,無效,非建制,建制,得票率差,黃潤達%,尹兆堅%,高志輝%,周永勤%,鄭松泰%,鄺官穩%,田北辰%,何君堯%,梁志祥%,郭家麒%,黃浩銘%,李卓人%,黃俊傑%,麥美娟%,馮檢基%,陳恒鑌%,張慧晶%,呂智恆%,湯詠芝%,朱凱廸%
K01*,德華,7806,60.26%,149.132598781472,288.647225960725,4.50211153307081,7.99923262219506,328.197702590948,0.57220936300259,501.506072805975,218.240460707649,34.7933415440317,413.672844920337,241.798339526223,228.757346469463,65.9226120789082,235.834535992975,120.897560696407,1239.40384893005,8.87810391474744,4.11333311574404,21.8119513993466,547.870598103579,4662.55203105685,41.0338639566404,51.71%,48.10%,3.60%,3.20%,6.19%,0.10%,0.17%,7.04%,0.01%,10.76%,4.68%,0.75%,8.87%,5.19%,4.91%,1.41%,5.06%,2.59%,26.58%,0.19%,0.09%,0.47%,11.75%
K02*,楊屋道,8094,64.16%,167.485384239092,284.835870360505,5.32533178951992,12.5720977909632,394.032659203916,2.45058816560715,431.462460929418,162.882378124828,27.4587709903997,487.938867764751,228.032693169189,209.806947089762,58.4760883235113,170.862732857738,145.875145517012,1637.73458436322,11.5434611591171,7.73953296543348,24.0562760802324,683.655555858598,5154.22742674281,39.1173508106015,52.23%,47.55%,4.68%,3.25%,5.53%,0.10%,0.24%,7.64%,0.05%,8.37%,3.16%,0.53%,9.47%,4.42%,4.07%,1.13%,3.32%,2.83%,31.77%,0.22%,0.15%,0.47%,13.26%
K03*,海濱,10513,71.96%,192.801474710628,480.906234981125,8.89579808552067,11.5228978649689,646.174450403686,3.59708291555599,1028.94204285074,460.330225646553,75.2802690387261,785.682608070517,329.396302231772,366.647993347094,109.37356124926,360.133657127323,293.780297899816,1224.78944688929,18.5199941081032,6.21904058016309,38.0208580201368,1063.28287661967,7504.29711264065,60.3563867551151,57.46%,42.29%,15.18%,2.57%,6.41%,0.12%,0.15%,8.61%,0.05%,13.71%,6.13%,1.00%,10.47%,4.39%,4.89%,1.46%,4.80%,3.91%,16.32%,0.25%,0.08%,0.51%,14.17%
K04*,祈德尊,7395,59.13%,73.6391359639834,207.855406010918,4.98174241213823,1.98552199598722,270.404337426426,2.01440504248521,362.452005141527,198.908880395721,30.7503651640079,322.726659196718,267.225646405341,208.806927193202,57.7645749589455,249.982010356226,124.259909482088,1235.4078211107,8.88976756061867,4.97532782542978,187.172313680427,467.176056222923,4287.37881354581,85.4946853135046,51.13%,48.67%,2.46%,1.72%,4.85%,0.12%,0.05%,6.31%,0.05%,8.45%,4.64%,0.72%,7.53%,6.23%,4.87%,1.35%,5.83%,2.90%,28.81%,0.21%,0.12%,4.37%,10.90%
K05,福來,7419,57.22%,78,200,2,4,295,2,258,122,18,267,313,184,48,1469,103,349,10,3,32,378,4135,110,45.97%,53.78%,-7.81%,1.89%,4.84%,0.05%,0.10%,7.13%,0.05%,6.24%,2.95%,0.44%,6.46%,7.57%,4.45%,1.16%,35.53%,2.49%,8.44%,0.24%,0.07%,0.77%,9.14%
K06,愉景,9759,74.54%,118,379,3,7,505,2,2650,172,35,818,292,450,90,166,222,394,15,12,16,883,7229,45,52.36%,47.43%,4.92%,1.63%,5.24%,0.04%,0.10%,6.99%,0.03%,36.66%,2.38%,0.48%,11.32%,4.04%,6.22%,1.24%,2.30%,3.07%,5.45%,0.21%,0.17%,0.22%,12.21%
K07*,荃灣中心,8026,62.54%,138.964364807731,405.582041473727,5.65552647473324,8.0793235353332,417.701026776726,2.42379706059996,632.61103281659,172.89752365613,29.8934970807328,483.951479766459,219.757600161063,259.346285484196,75.9456412321321,193.903764847997,135.732635393598,1013.14717133078,12.9269176565331,10.5031205959332,17.774511777733,739.258103482988,4976.05536541172,43.6283470907993,58.37%,41.37%,17.00%,2.79%,8.15%,0.11%,0.16%,8.39%,0.05%,12.71%,3.47%,0.60%,9.73%,4.42%,5.21%,1.53%,3.90%,2.73%,20.36%,0.26%,0.21%,0.36%,14.86%
K08*,荃威,9432,65.03%,137.42527450444,389.255262660673,3.42032771823225,9.80781664008997,459.238368416386,2.51977302711162,822.589586725903,304.410426921711,42.3164841472293,591.221474576517,268.621387041352,314.258188055157,83.487335073878,222.259001116391,228.566293524432,1299.98496573772,6.87710210216691,11.3514513515147,25.8619180908867,853.998945550836,6077.47138298263,55.8399933416809,55.34%,44.55%,10.79%,2.26%,6.40%,0.06%,0.16%,7.56%,0.04%,13.54%,5.01%,0.70%,9.73%,4.42%,5.17%,1.37%,3.66%,3.76%,21.39%,0.11%,0.19%,0.43%,14.05%
K09*,麗濤,10269,68.41%,153.073913000569,453.841734856048,3.06539913309823,14.059453757362,559.376097363577,2.02972687868101,945.267602902275,341.262834402857,57.4161763015342,875.005124813715,328.577147595038,276.639403421158,88.4876706379394,280.021427750309,278.463011913818,1273.46262342525,12.0829736274189,8.05187985509994,24.1296996377498,1000.90264630694,6975.21654758044,50.3097682090307,58.01%,41.81%,16.20%,2.19%,6.51%,0.04%,0.20%,8.02%,0.03%,13.55%,4.89%,0.82%,12.54%,4.71%,3.97%,1.27%,4.01%,3.99%,18.26%,0.17%,0.12%,0.35%,14.35%
K10*,汀深,7414,70.29%,98.2114285714286,258.045714285714,6.41904761904762,9.62857142857143,374.872380952381,3.85142857142857,1191.37523809524,313.249523809524,55.2038095238095,665.013333333333,252.268571428571,211.828571428571,72.5352380952381,148.28,167.537142857143,541.767619047619,16.047619047619,4.49333333333333,16.6895238095238,769.64380952381,5176.96190476191,34.0209523809524,55.85%,43.84%,12.00%,1.90%,4.98%,0.12%,0.19%,7.24%,0.07%,23.01%,6.05%,1.07%,12.85%,4.87%,4.09%,1.40%,2.86%,3.24%,10.46%,0.31%,0.09%,0.32%,14.87%
K11*,荃灣西,9914,71.78%,171.941406304824,468.755262686727,8.29501617975038,10.9202497258857,561.190850375024,5.36571451334906,1016.63741827234,303.638055125249,54.7172532628346,876.979020047677,298.547018667475,294.98078590048,92.4631633893747,287.187063665739,253.187086404677,1250.66429870674,13.1686732574135,6.95276551322962,23.9386008198577,1068.01491319523,7067.54461601388,48.9977131641385,58.25%,41.56%,16.69%,2.43%,6.63%,0.12%,0.15%,7.94%,0.08%,14.38%,4.30%,0.77%,12.41%,4.22%,4.17%,1.31%,4.06%,3.58%,17.70%,0.19%,0.10%,0.34%,15.11%
K12*,荃灣郊區,8821,68.99%,100.788571428571,359.954285714286,7.58095238095238,13.3714285714286,441.127619047619,4.14857142857143,1297.62476190476,407.750476190476,77.7961904761905,702.986666666667,312.731428571429,221.171428571429,75.4647619047619,206.72,179.462857142857,754.232380952381,20.952380952381,10.5066666666667,12.3104761904762,833.356190476191,6040.0380952381,45.9790476190476,53.81%,45.85%,7.96%,1.67%,5.96%,0.13%,0.22%,7.30%,0.07%,21.48%,6.75%,1.29%,11.64%,5.18%,3.66%,1.25%,3.42%,2.97%,12.49%,0.35%,0.17%,0.20%,13.80%
K13,馬灣,6182,72.45%,173,254,3,3,280,1,799,161,91,565,251,242,39,130,206,354,9,12,14,861,4448,31,65.13%,34.67%,30.46%,3.89%,5.71%,0.07%,0.07%,6.29%,0.02%,17.96%,3.62%,2.05%,12.70%,5.64%,5.44%,0.88%,2.92%,4.63%,7.96%,0.20%,0.27%,0.31%,19.36%
K14*,綠楊,8484,66.30%,167.536447687261,287.320961009553,8.85874667393629,8.05340606721481,370.68450744331,4.0267030336074,713.531777555233,577.429215019302,56.3738424705037,624.82192084331,246.043865202546,255.75612303949,76.0793530560506,273.815806285303,228.238059168152,875.405239506249,12.113006613881,8.09354819745219,20.2338704936305,764.840304659232,5579.25670402522,45.2218913584892,54.66%,45.12%,9.54%,3.00%,5.15%,0.16%,0.14%,6.64%,0.07%,12.79%,10.35%,1.01%,11.20%,4.41%,4.58%,1.36%,4.91%,4.09%,15.69%,0.22%,0.15%,0.36%,13.71%
K15*,梨木樹東,9437,57.11%,150.358859845002,264.265204255878,3.90897149612505,5.96965716537502,499.559437803757,1,414.050177328254,195.267831341127,75.209772757126,641.312754498884,302.292920005254,264.992118744253,69.2704584263759,323.625377643505,120.026402206752,1242.29173781689,20.6055431498752,6.84828582687508,34.0897149612505,606.529094969132,5241.47432024169,147.721660317877,56.46%,43.14%,13.32%,2.87%,5.04%,0.07%,0.11%,9.53%,0.02%,7.90%,3.73%,1.43%,12.24%,5.77%,5.06%,1.32%,6.17%,2.29%,23.70%,0.39%,0.13%,0.65%,11.57%
K16,梨木樹西,9172,53.14%,173,222,4,4,443,6,280,91,34,729,321,211,53,395,94,1188,20,7,23,414,4712,162,57.09%,42.49%,14.60%,3.67%,4.71%,0.08%,0.08%,9.40%,0.13%,5.94%,1.93%,0.72%,15.47%,6.81%,4.48%,1.12%,8.38%,1.99%,25.21%,0.42%,0.15%,0.49%,8.79%
K17*,石圍角,7462,55.25%,139.239328709959,198.736648358366,3.68098321774897,9.91527490543602,303.450648651575,4.29497735693701,277.685928064912,142.395198712393,48.0495932371103,248.638871684731,221.853230674038,195.470005586747,49.2838849247974,297.22579567885,91.4421033510911,1391.63992130209,10.0492530625579,4.44669153006193,21.4500133219936,350.049949905302,4008.9983022367,113.761460307895,45.50%,54.25%,-8.75%,3.47%,4.96%,0.09%,0.25%,7.57%,0.11%,6.93%,3.55%,1.20%,6.20%,5.53%,4.88%,1.23%,7.41%,2.28%,34.71%,0.25%,0.11%,0.54%,8.73%
K18*,象石,7366,53.91%,128.401811445039,223.998147385755,4.41004528612598,2.11506792918897,290.989913544669,1.70502264306299,268.263894606834,144.33696994648,49.7406340057637,223.048373816385,225.853849320708,189.537875669,44.4456566488267,221.148826677645,104.531494442157,1304.06834088102,14.3452037875669,0.70502264306299,13.4602717167559,416.420955125566,3871.52737752161,99.5168793742281,48.08%,51.55%,-3.47%,3.32%,5.79%,0.11%,0.05%,7.52%,0.04%,6.93%,3.73%,1.28%,5.76%,5.83%,4.90%,1.15%,5.71%,2.70%,33.68%,0.37%,0.02%,0.35%,10.76%
L01*,屯門市中心,8288,60.03%,94.6874085591143,343.978186020121,7.7469564759971,8.25879349862658,508.892866323332,2.20600451716261,627.567400412851,407.447786886134,396.433427312596,414.833639877954,246.402804997831,294.894647345922,74.7578464449091,302.941696231756,209.671075766579,174.31570307311,9.29726656806012,3.06187264018892,14.8406440947425,792.626194441792,4934.86222148878,40.3597740078026,60.76%,39.05%,21.72%,1.92%,6.97%,0.16%,0.17%,10.31%,0.04%,12.72%,8.26%,8.03%,8.41%,4.99%,5.98%,1.51%,6.14%,4.25%,3.53%,0.19%,0.06%,0.30%,16.06%
L02*,兆置,11210,59.42%,112.511884260789,719.362426991014,16.4756412565291,6.31794911720313,722.664493268125,5.09786030639747,873.691629179952,419.237691827108,785.242905798832,428.559253686977,273.65599223992,305.846619613649,95.5177850067738,313.787501131768,213.8824876666,175.919538494927,15.3344251007075,8.9521566758448,20.0369588362806,1079.55254922431,6591.64774968371,69.2568033909071,60.39%,39.38%,21.01%,1.71%,10.91%,0.25%,0.10%,10.96%,0.08%,13.25%,6.36%,11.91%,6.50%,4.15%,4.64%,1.45%,4.76%,3.24%,2.67%,0.23%,0.14%,0.30%,16.38%
L03*,兆翠,12581,60.56%,127.910840997363,670.000643282365,10.28970205302,8.28996791363336,703.018184454119,2.3189260343145,787.328991477852,374.768445261119,1270.36774593009,532.076069185202,377.356451185065,443.313843420106,101.970661292953,459.971465411328,282.803570378129,143.557674558952,17.444720872259,8.21226950471171,16.6337780651436,1205.60966883398,7543.24362011171,76.434645453511,59.24%,40.52%,18.72%,1.70%,8.88%,0.14%,0.11%,9.32%,0.03%,10.44%,4.97%,16.84%,7.05%,5.00%,5.88%,1.35%,6.10%,3.75%,1.90%,0.23%,0.11%,0.22%,15.98%
L04,安定,10126,53.30%,90,304,5,9,537,2,467,251,514,259,249,275,68,998,453,120,15,7,13,651,5287,110,54.97%,44.75%,10.21%,1.70%,5.75%,0.09%,0.17%,10.16%,0.04%,8.83%,4.75%,9.72%,4.90%,4.71%,5.20%,1.29%,18.88%,8.57%,2.27%,0.28%,0.13%,0.25%,12.31%
L05,友愛南,8478,47.15%,51,155,6,8,415,2,274,247,909,160,234,453,52,210,109,65,3,5,12,544,3914,83,55.95%,43.97%,11.98%,1.30%,3.96%,0.15%,0.20%,10.60%,0.05%,7.00%,6.31%,23.22%,4.09%,5.98%,11.57%,1.33%,5.37%,2.78%,1.66%,0.08%,0.13%,0.31%,13.90%
L06*,友愛北,8039,53.30%,72.1995593859571,239.979475470845,6.73572173787809,9.3754093441869,469.109932160516,1.65550522134703,338.094688736919,268.351784121324,712.809507261208,219.428720905229,246.278324555051,437.947166367101,59.3751114071104,268.79422371234,110.318440762099,83.2197889581644,12.5111600022594,5.77371811812955,15.8958268309499,630.894623168134,4208.74868822675,76.090956030626,59.57%,40.13%,19.44%,1.72%,5.70%,0.16%,0.22%,11.15%,0.04%,8.03%,6.38%,16.94%,5.21%,5.85%,10.41%,1.41%,6.39%,2.62%,1.98%,0.30%,0.14%,0.38%,14.99%
L07,翠興,9062,65.73%,101,385,6,7,608,2,1313,372,285,530,316,320,93,260,217,113,9,7,13,951,5908,48,59.94%,39.91%,20.02%,1.71%,6.52%,0.10%,0.12%,10.29%,0.03%,22.22%,6.30%,4.82%,8.97%,5.35%,5.42%,1.57%,4.40%,3.67%,1.91%,0.15%,0.12%,0.22%,16.10%
L08,山景,10499,46.04%,103,325,7,14,599,4,479,332,455,271,297,290,89,367,203,136,21,15,16,719,4742,92,61.73%,37.83%,23.89%,2.17%,6.85%,0.15%,0.30%,12.63%,0.08%,10.10%,7.00%,9.60%,5.71%,6.26%,6.12%,1.88%,7.74%,4.28%,2.87%,0.44%,0.32%,0.34%,15.16%
L09*,景興,8030,48.18%,58.8010642652476,244.535816618911,7.97789602947196,2.99263200982399,367.285304952927,2,339.366352844863,161.653704461727,272.115841178878,151.631600491199,214.587392550143,225.491608677855,48.9484240687679,1086.32746623005,108.668440442079,77.7789602947196,16.9631600491199,5.98526401964797,14.9705280392959,352.270568972575,3760.3520261973,108.896848137536,47.69%,51.86%,-4.18%,1.56%,6.50%,0.21%,0.08%,9.77%,0.05%,9.02%,4.30%,7.24%,4.03%,5.71%,6.00%,1.30%,28.89%,2.89%,2.07%,0.45%,0.16%,0.40%,9.37%
L10,興澤,9797,53.27%,78,441,6,9,620,2,498,230,239,258,212,262,78,1263,171,94,12,8,25,615,5121,98,54.05%,45.71%,8.34%,1.52%,8.61%,0.12%,0.18%,12.11%,0.04%,9.72%,4.49%,4.67%,5.04%,4.14%,5.12%,1.52%,24.66%,3.34%,1.84%,0.23%,0.16%,0.49%,12.01%
L11*,新墟,7443,54.65%,64.6105640941334,287.891342743568,5.8311059650602,2.34599102453072,476.145342184801,5.75817016145076,412.119791252288,697.924545962125,333.590350780706,236.732057790448,168.566059755518,167.650705188494,73.247499609046,278.119086413342,106.315239687623,107.083638444961,13.5404208112207,1.05777227518097,14.3111293082145,573.21218489733,4026.05299835004,41.4594121592031,53.89%,45.77%,8.12%,1.60%,7.15%,0.14%,0.06%,11.83%,0.14%,10.24%,17.34%,8.29%,5.88%,4.19%,4.16%,1.82%,6.91%,2.64%,2.66%,0.34%,0.03%,0.36%,14.24%
L12*,三聖,7901,59.89%,71.3454362516841,384.816550818061,5.89698883410956,14.9506555305864,370.212757013455,1.53306929960019,1086.38725408496,384.266530018951,290.314884884211,442.430699164389,198.68172912473,163.785642531965,60.2552656284835,184.842628342596,139.640305970497,223.897670854851,15.1704870650143,4.70450757929355,13.8304154067749,635.030657079204,4691.99413548342,39.933401277036,52.96%,46.72%,6.24%,1.52%,8.20%,0.13%,0.32%,7.89%,0.03%,23.15%,8.19%,6.19%,9.43%,4.23%,3.49%,1.28%,3.94%,2.98%,4.77%,0.32%,0.10%,0.29%,13.53%
L13*,恆福,9253,60.00%,77.7310642167091,490.646181996614,7.02963572394006,17.2010306977611,455.677940477905,3.47125070025471,1194.99832882412,441.390226699234,383.324235553231,527.922316428939,244.16001983801,189.950448505609,65.9044379202156,213.760438859282,169.839562461737,223.129006914638,15.6517935701017,4.21824185083397,16.1626862840211,765.991325851071,5508.16017337423,44.0210432957093,54.61%,45.10%,9.51%,1.41%,8.91%,0.13%,0.31%,8.27%,0.06%,21.70%,8.01%,6.96%,9.58%,4.43%,3.45%,1.20%,3.88%,3.08%,4.05%,0.28%,0.08%,0.29%,13.91%
L14,富新,11436,57.62%,140,389,7,4,684,4,1610,374,473,497,317,307,73,321,191,131,12,10,13,988,6545,44,55.14%,44.68%,10.47%,2.14%,5.94%,0.11%,0.06%,10.45%,0.06%,24.60%,5.71%,7.23%,7.59%,4.84%,4.69%,1.12%,4.90%,2.92%,2.00%,0.18%,0.15%,0.20%,15.10%
L15,悅湖,8592,59.79%,88,303,2,8,539,5,445,596,824,300,198,240,65,243,329,105,8,9,17,757,5081,56,55.99%,43.85%,12.14%,1.73%,5.96%,0.04%,0.16%,10.61%,0.10%,8.76%,11.73%,16.22%,5.90%,3.90%,4.72%,1.28%,4.78%,6.48%,2.07%,0.16%,0.18%,0.33%,14.90%
L16*,兆禧,7206,62.10%,53.8822307612421,370.440336483539,2.99345726451345,2.99345726451345,449.766953993146,1.49672863225672,492.423720012462,428.064388825423,428.812753141552,300.094090767473,172.872157025652,208.793644199813,66.6044241354242,214.78055872884,398.129816180289,82.3200747741199,9.72873610966871,9.72873610966871,10.4771004257971,735.64212275418,4440.04548758957,35.173122858033,62.53%,37.25%,25.28%,1.21%,8.34%,0.07%,0.07%,10.13%,0.03%,11.09%,9.64%,9.66%,6.76%,3.89%,4.70%,1.50%,4.84%,8.97%,1.85%,0.22%,0.22%,0.24%,16.57%
L17,湖景,7951,43.53%,65,209,1,3,460,2,184,212,677,160,156,199,55,245,180,49,5,4,13,499,3378,83,59.21%,40.65%,18.56%,1.92%,6.19%,0.03%,0.09%,13.62%,0.06%,5.45%,6.28%,20.04%,4.74%,4.62%,5.89%,1.63%,7.25%,5.33%,1.45%,0.15%,0.12%,0.38%,14.77%
L18,蝴蝶,9813,53.04%,69,326,3,7,492,2,445,445,797,250,234,249,63,493,480,87,14,10,19,615,5100,105,55.04%,44.69%,10.35%,1.35%,6.39%,0.06%,0.14%,9.65%,0.04%,8.73%,8.73%,15.63%,4.90%,4.59%,4.88%,1.24%,9.67%,9.41%,1.71%,0.27%,0.20%,0.37%,12.06%
L19*,樂翠,8048,64.07%,60.1592265251901,524.725492662189,2.02036183096394,7.00654273548655,481.771990730472,4.53090955869805,620.57125486191,1051.69566142583,301.795287059454,316.292843905894,185.431863074851,193.39982313687,59.4232140555305,188.495823180708,257.022193869963,99.7904779896993,9.28508298580868,6.27126389033129,11.5228995742029,726.076470210644,5107.2886832647,48.8821535238765,55.26%,44.56%,10.69%,1.18%,10.27%,0.04%,0.14%,9.43%,0.09%,12.15%,20.59%,5.91%,6.19%,3.63%,3.79%,1.16%,3.69%,5.03%,1.95%,0.18%,0.12%,0.23%,14.22%
L20*,龍門,9449,51.58%,97.9585427135678,227.834170854271,5.98618090452261,5,532.461055276382,2.97236180904523,712.005025125628,286.239949748744,776.391959798995,319.613065326633,258.695979899498,237.806532663317,64.9723618090452,284.723618090452,154.847989949749,133.889447236181,15.9861809045226,2,18,675.281407035176,4812.66582914573,60.9447236180905,53.81%,45.86%,7.94%,2.04%,4.73%,0.12%,0.10%,11.06%,0.06%,14.79%,5.95%,16.13%,6.64%,5.38%,4.94%,1.35%,5.92%,3.22%,2.78%,0.33%,0.04%,0.37%,14.03%
L21*,新景,9459,50.92%,68.1989357347524,928.464183381089,7.02210397052804,4.00736799017601,509.714695047073,1,405.633647155137,209.346295538273,460.884158821122,246.368399508801,183.412607449857,237.508391322145,99.0515759312321,369.672533769955,93.3315595579206,134.22103970528,9.03683995088007,7.01473598035203,19.0294719607041,742.729431027425,4735.6479738027,81.1031518624642,66.20%,33.61%,32.58%,1.44%,19.61%,0.15%,0.08%,10.76%,0.02%,8.57%,4.42%,9.73%,5.20%,3.87%,5.02%,2.09%,7.81%,1.97%,2.83%,0.19%,0.15%,0.40%,15.68%
L22,良景,9958,48.05%,86,381,1,6,605,8,370,240,840,237,211,255,102,320,114,103,11,4,17,776,4687,98,59.48%,40.28%,19.20%,1.83%,8.13%,0.02%,0.13%,12.91%,0.17%,7.89%,5.12%,17.92%,5.06%,4.50%,5.44%,2.18%,6.83%,2.43%,2.20%,0.23%,0.09%,0.36%,16.56%
L23,田景,11012,50.43%,116,426,4,8,674,1,404,245,391,293,269,299,104,1054,137,107,12,8,22,893,5467,86,59.28%,40.50%,18.79%,2.12%,7.79%,0.07%,0.15%,12.33%,0.02%,7.39%,4.48%,7.15%,5.36%,4.92%,5.47%,1.90%,19.28%,2.51%,1.96%,0.22%,0.15%,0.40%,16.33%
L24,寶田,8376,47.93%,60,195,4,4,283,4,1341,310,331,158,202,152,58,222,71,94,9,4,18,419,3939,76,41.13%,58.64%,-17.52%,1.52%,4.95%,0.10%,0.10%,7.18%,0.10%,34.04%,7.87%,8.40%,4.01%,5.13%,3.86%,1.47%,5.64%,1.80%,2.39%,0.23%,0.10%,0.46%,10.64%
L25,建生,10136,53.86%,110,319,4,13,629,3,546,238,946,300,281,288,84,316,181,112,18,10,26,961,5385,74,59.22%,40.45%,18.77%,2.04%,5.92%,0.07%,0.24%,11.68%,0.06%,10.14%,4.42%,17.57%,5.57%,5.22%,5.35%,1.56%,5.87%,3.36%,2.08%,0.33%,0.19%,0.48%,17.85%
L26,兆康,8569,60.15%,88,648,6,3,455,2,533,201,969,338,213,203,53,228,166,131,4,4,14,837,5096,58,59.24%,40.68%,18.56%,1.73%,12.72%,0.12%,0.06%,8.93%,0.04%,10.46%,3.94%,19.01%,6.63%,4.18%,3.98%,1.04%,4.47%,3.26%,2.57%,0.08%,0.08%,0.27%,16.42%
L27*,景峰,10013,65.17%,113.67444417325,786.101773529748,7.96446315322546,15.0688783190897,646.589301051113,5.96200142732003,882.088355679004,455.241789131601,358.202396934431,531.054432634993,324.457703254716,259.772042309977,84.7174996760544,362.649796836113,234.379656173959,175.977404146912,16.9422669873132,8.97574120407257,22.0511187904951,1180.15717535116,6472.02824076455,53.132100816164,64.77%,34.97%,29.80%,1.76%,12.15%,0.12%,0.23%,9.99%,0.09%,13.63%,7.03%,5.53%,8.21%,5.01%,4.01%,1.31%,5.60%,3.62%,2.72%,0.26%,0.14%,0.34%,18.23%
L28*,富泰,12542,46.90%,95.3287980610003,346.223419147666,14.0297848002405,11.1913245543821,822.689183066633,3.9972123321527,411.723560352053,228.371200092403,281.714545544693,248.962810325868,242.44091504916,284.838884717177,108.253893014454,1440.13316306148,137.149661132778,116.899574553486,17.1074590230642,11.043720151744,32.2374423833779,858.925621153023,5713.26217251684,169.311863569041,55.80%,43.90%,11.90%,1.67%,6.06%,0.25%,0.20%,14.40%,0.07%,7.21%,4.00%,4.93%,4.36%,4.24%,4.99%,1.89%,25.21%,2.40%,2.05%,0.30%,0.19%,0.56%,15.03%
L29,屯門鄉郊,8023,54.41%,104,229,4,11,417,3,877,386,308,290,186,202,60,215,136,106,11,7,14,763,4329,36,55.62%,44.12%,11.50%,2.40%,5.29%,0.09%,0.25%,9.63%,0.07%,20.26%,8.92%,7.11%,6.70%,4.30%,4.67%,1.39%,4.97%,3.14%,2.45%,0.25%,0.16%,0.32%,17.63%
M01*,豐年,9001,56.15%,59.0708591342818,266.804279122736,5.5225697449834,9.2368553540046,419.421585525604,3.0926474109249,432.197167459428,379.22412124682,1338.40492335472,301.527799474544,190.80101613476,317.82589908582,79.6058684364056,198.129100174048,150.486355475909,79.9118668621054,8.3521692794606,1.9750761589098,5.448035200614,746.742747775069,4993.78094241115,60.5862210523943,50.86%,48.98%,1.88%,1.18%,5.34%,0.11%,0.18%,8.40%,0.06%,8.65%,7.59%,26.80%,6.04%,3.82%,6.36%,1.59%,3.97%,3.01%,1.60%,0.17%,0.04%,0.11%,14.95%
M02*,水邊,9263,59.08%,71.5774871616895,304.94305680701,6.7802373214496,13.4944157198088,427.947365851634,6.1805285624061,1060.76999504058,312.392757003383,778.540464177592,378.177549835348,255.536709796473,254.145072523406,79.4443278859589,263.120311355825,192.549606232675,111.453078523084,15.138334489448,7.4371877514685,17.1465546188264,851.303772632553,5408.07881329062,64.6302228923172,52.52%,47.20%,5.32%,1.32%,5.64%,0.13%,0.25%,7.91%,0.11%,19.61%,5.78%,14.40%,6.99%,4.73%,4.70%,1.47%,4.87%,3.56%,2.06%,0.28%,0.14%,0.32%,15.74%
M03,南屏,10300,51.83%,64,689,3,10,582,1,387,235,1089,183,212,376,119,276,128,64,11,4,17,780,5230,109,60.31%,39.48%,20.82%,1.22%,13.17%,0.06%,0.19%,11.13%,0.02%,7.40%,4.49%,20.82%,3.50%,4.05%,7.19%,2.28%,5.28%,2.45%,1.22%,0.21%,0.08%,0.33%,14.91%
M04*,北朗,10250,53.58%,83.4776355441776,565.477991822765,7.7366923203035,16.3094514690254,508.7518761626,1.2905351802978,435.910106237994,261.058832465118,1253.698618317,227.019366011398,254.625622641391,318.949611722144,71.569733891999,274.451821505439,133.915163134753,74.5838300113042,19.529708632738,8.0330399341019,16.2451985228636,797.784792485692,5330.41962801311,161.250471331242,56.02%,43.62%,12.40%,1.57%,10.61%,0.15%,0.31%,9.54%,0.02%,8.18%,4.90%,23.52%,4.26%,4.78%,5.98%,1.34%,5.15%,2.51%,1.40%,0.37%,0.15%,0.30%,14.97%
M05*,元朗中心,7253,53.57%,40.4978582385191,207.124121601699,3.01632858863,8.9289843778195,351.513837456814,1.7746281472317,509.449348690593,244.125763517846,816.74030574582,233.955787295616,143.06701313872,279.085167956905,66.6495085675986,149.704045506054,103.681605857367,72.9280323930914,9.4233392915202,7.7925427553882,12.6995221282273,568.119823338189,3830.27756459365,54.9067926337,52.59%,47.17%,5.42%,1.06%,5.41%,0.08%,0.23%,9.18%,0.05%,13.30%,6.37%,21.32%,6.11%,3.74%,7.29%,1.74%,3.91%,2.71%,1.90%,0.25%,0.20%,0.33%,14.83%
M06*,元龍,6474,68.61%,47.3924013613509,202.359947108165,5.9474056612398,4.4687501185377,300.709160567653,1.7411925567493,1434.81319047348,175.366454097697,354.515439164417,398.405667147821,152.958815642903,206.811443995659,59.0808903686815,105.680231468062,107.551994819938,66.1605034427051,8.386143305351,3.8435137680109,5.5270454565819,773.786127856009,4415.50631838101,26.5390712767603,51.15%,48.66%,2.49%,1.07%,4.58%,0.13%,0.10%,6.81%,0.04%,32.49%,3.97%,8.03%,9.02%,3.46%,4.68%,1.34%,2.39%,2.44%,1.50%,0.19%,0.09%,0.13%,17.52%
M07*,鳳翔,7516,62.46%,60.7360874594245,263.396008242494,4.2098481269164,12.4953507012223,433.30239205971,2.4834404592536,729.758027986033,272.21247466113,715.413412686026,346.925524261671,180.766376314166,324.045876434348,73.0866318478575,169.172313318785,158.434971275021,98.1686544308497,12.1987325517753,8.2546589045169,14.4646277930792,765.583989799715,4645.10939931399,49.2468855549403,56.60%,43.14%,13.46%,1.31%,5.67%,0.09%,0.27%,9.33%,0.05%,15.71%,5.86%,15.40%,7.47%,3.89%,6.98%,1.57%,3.64%,3.41%,2.11%,0.26%,0.18%,0.31%,16.48%
M08*,十八鄉東,6983,52.85%,44.6023354425811,185.96151371555,4.8888174501981,5.1640263598853,283.043168799446,1.4375532566699,524.500382656797,289.975261240386,414.113131975562,275.844293765398,177.893696495852,181.253644114772,47.3200024299266,358.439963053441,103.24069831143,77.9399967812972,11.8624148355163,3.3707301703409,12.8646964257734,646.637699983766,3650.35402726459,40.3126777516119,53.75%,45.93%,7.82%,1.22%,5.09%,0.13%,0.14%,7.75%,0.04%,14.37%,7.94%,11.34%,7.56%,4.87%,4.97%,1.30%,9.82%,2.83%,2.14%,0.32%,0.09%,0.35%,17.71%
M09*,十八鄉中,7667,58.43%,74.4223447714377,197.527890423409,3.7499926339218,6.8724270168329,363.190543518627,1.4591058504635,554.394190100233,414.315279206427,630.117366261992,394.212041667109,221.136906522356,201.730380126288,66.0548401316109,222.156325551641,142.35351029074,98.9804706610733,12.7453595340795,6.1377031683976,11.3531373358569,821.614212322214,4444.52402709471,35.4362003095056,56.24%,43.47%,12.77%,1.67%,4.44%,0.08%,0.15%,8.17%,0.03%,12.47%,9.32%,14.18%,8.87%,4.98%,4.54%,1.49%,5.00%,3.20%,2.23%,0.29%,0.14%,0.26%,18.49%
M10*,十八鄉西,10104,47.81%,54.6294141575857,192.021982124222,4.8205627618917,4.854988521194,387.74795403072,4.7493613553012,506.545878941874,505.177444350455,681.224938143147,242.933678412116,202.919577081789,257.987562071333,79.6659624004698,573.244363460688,124.558876672106,74.5383902892226,13.5675792282107,3.049031462048,14.5263156774214,837.506416469358,4766.27027761115,64.4267373897998,50.30%,49.41%,0.89%,1.15%,4.03%,0.10%,0.10%,8.14%,0.10%,10.63%,10.60%,14.29%,5.10%,4.26%,5.41%,1.67%,12.03%,2.61%,1.56%,0.28%,0.06%,0.30%,17.57%
M11*,屏山南,10249,52.44%,82.4740372418322,271.070391623405,6.7166094830657,17.549963506298,483.720668594949,4.8054217809529,627.397514160415,421.459321641662,1079.04047065716,355.776822138558,242.399178592349,295.961423450078,71.6937993300478,280.647527776347,136.993550693576,84.7003587683889,13.1226692330399,11.5717054364845,19.0220525841924,818.129394781601,5324.2528814744,50.7041176925371,52.38%,47.37%,5.01%,1.55%,5.09%,0.13%,0.33%,9.09%,0.09%,11.78%,7.92%,20.27%,6.68%,4.55%,5.56%,1.35%,5.27%,2.57%,1.59%,0.25%,0.22%,0.36%,15.37%
M12*,屏山中,6173,53.79%,45.5380975876452,131.234577719527,2.4582825747595,7.6098597840267,281.91576507346,1.0355756976429,411.632505675846,620.077870041398,438.242531232395,212.870263311431,146.516022090509,143.290444567162,43.0166040484875,142.846105864045,89.0624207973039,49.6516956097747,7.0301595893875,5.503628982017,16.8771620834817,489.684474369772,3286.09404670007,34.5927838376488,48.86%,50.93%,-2.07%,1.39%,3.99%,0.07%,0.23%,8.58%,0.03%,12.53%,18.87%,13.34%,6.48%,4.46%,4.36%,1.31%,4.35%,2.71%,1.51%,0.21%,0.17%,0.51%,14.90%
M13*,屏山北,5558,52.17%,28.1587724122434,155.81254758471,4.1370164747238,13.277031314461,266.500823980834,1.0059435436361,257.634707593332,390.729989817132,651.718986565819,157.221987522752,133.717123366922,118.894446815717,29.2893347417505,95.5866889700604,50.89214599534,39.5536269655407,4.7925828291455,3.2714400664916,8.311008519532,444.834493569984,2855.34069865013,44.223347255168,48.92%,50.91%,-1.99%,0.99%,5.46%,0.14%,0.46%,9.33%,0.04%,9.02%,13.68%,22.82%,5.51%,4.68%,4.16%,1.03%,3.35%,1.78%,1.39%,0.17%,0.11%,0.29%,15.58%
M14*,厦村,7115,52.60%,60.4226694872311,133.265692104308,2.0156368579168,9.7378957568838,277.234858377948,2.9440661984701,1180.9969849834,238.884430710546,468.229411718356,201.129219156239,135.661942181813,137.019027136367,49.522495919206,143.821201995564,80.2791004438411,75.4294952615636,8.8508072003275,5.7597414418242,13.51464365355,458.272054616077,3682.99137520143,59.1444710223751,42.14%,57.62%,-15.48%,1.64%,3.62%,0.05%,0.26%,7.53%,0.08%,32.07%,6.49%,12.71%,5.46%,3.68%,3.72%,1.34%,3.91%,2.18%,2.05%,0.24%,0.16%,0.37%,12.44%
M15,天盛,13000,57.65%,205,325,12,19,715,3,1220,373,1339,394,326,398,137,327,197,117,18,9,18,1263,7415,79,53.77%,45.99%,7.78%,2.76%,4.38%,0.16%,0.26%,9.64%,0.04%,16.45%,5.03%,18.06%,5.31%,4.40%,5.37%,1.85%,4.41%,2.66%,1.58%,0.24%,0.12%,0.24%,17.03%
M16*,瑞愛,11393,53.51%,107.837430814777,241.471617968851,6.6991890848243,120.183035139658,786.894581027159,4.34959454241215,396.496074140816,270.695198867293,1504.79315227185,254.841549749002,318.504183292573,369.727764191016,129.605740764577,238.38627880036,119.459389882868,63.3414853906552,13.6991890848243,3.04878362723645,18.6219590680911,995.268631741537,5963.92482945038,132.109795340456,56.09%,43.68%,12.41%,1.81%,4.05%,0.11%,2.02%,13.19%,0.07%,6.65%,4.54%,25.23%,4.27%,5.34%,6.20%,2.17%,4.00%,2.00%,1.06%,0.23%,0.05%,0.31%,16.69%
M17*,瑞華,9405,50.60%,75.4332941775757,167.733337675077,5.59050195219008,228.059240785702,642.504623622581,2.5662818723936,291.400224421435,176.257386021052,1079.08112120628,178.288765332062,253.354794988247,280.654309837739,102.207046020372,212.108367880582,82.774014828053,52.9760429054599,5.59050195219008,7.6988456171808,16.9574230059376,795.756146478102,4656.99227058021,102.188766910997,55.90%,43.98%,11.92%,1.62%,3.60%,0.12%,4.90%,13.80%,0.06%,6.26%,3.78%,23.17%,3.83%,5.44%,6.03%,2.19%,4.55%,1.78%,1.14%,0.12%,0.17%,0.36%,17.09%
M18*,頌華,8280,52.94%,85.0071543495123,192.388584880143,7.03937660466752,77.8588819052317,492.142538189992,2.52714613242155,519.453488153166,212.957226202453,783.526701537107,228.804480775121,219.114208800228,259.74284979818,85.1866038305288,203.757029126492,91.310166282376,95.2766216124773,8.48239915189483,4.69539330281005,14.8002644829487,724.565715381824,4308.63683049957,74.397354872252,55.65%,44.15%,11.50%,1.97%,4.47%,0.16%,1.81%,11.42%,0.06%,12.06%,4.94%,18.19%,5.31%,5.09%,6.03%,1.98%,4.73%,2.12%,2.21%,0.20%,0.11%,0.34%,16.82%
M19*,悅恩,9140,51.54%,76.4898668298071,137.46030313733,4.72891621436539,15.0957835742704,477.160072594461,5.10681296612384,345.409875272587,294.637814831893,823.146095469248,164.102394523036,192.9356160922,531.123798542298,96.0794976595721,641.070534244647,78.7267472095206,94.9153072734596,10.0042206735651,4.46334712465753,13.5994466326552,634.388911689401,4640.6453625551,70.3055274394332,51.86%,47.93%,3.93%,1.65%,2.96%,0.10%,0.33%,10.28%,0.11%,7.44%,6.35%,17.74%,3.54%,4.16%,11.45%,2.07%,13.81%,1.70%,2.05%,0.22%,0.10%,0.29%,13.67%
M20*,富恩,10155,47.15%,75.5101331701929,153.539696862671,5.27108378563461,18.9042164257296,446.839927405539,4.89318703387616,367.590124727413,306.362185168107,722.853904530752,163.897605476964,207.0643839078,501.876201457702,83.9205023404279,822.929465755353,87.2732527904794,99.0846927265404,6.99577932643489,3.53665287534248,13.4005533673449,625.611088310599,4717.3546374449,70.6944725605669,50.08%,49.77%,0.31%,1.60%,3.25%,0.11%,0.40%,9.47%,0.10%,7.79%,6.49%,15.32%,3.47%,4.39%,10.64%,1.78%,17.44%,1.85%,2.10%,0.15%,0.07%,0.28%,13.26%
M21,逸澤,10638,47.41%,75,186,4,18,730,0,227,550,910,158,230,330,158,481,74,62,9,6,12,728,4948,96,54.30%,45.51%,8.79%,1.52%,3.76%,0.08%,0.36%,14.75%,0.00%,4.59%,11.12%,18.39%,3.19%,4.65%,6.67%,3.19%,9.72%,1.50%,1.25%,0.18%,0.12%,0.24%,14.71%
M22,天恒,12134,49.76%,74,136,3,14,813,3,185,446,594,155,251,373,427,1386,61,80,11,6,19,901,5938,100,54.16%,45.66%,8.50%,1.25%,2.29%,0.05%,0.24%,13.69%,0.05%,3.12%,7.51%,10.00%,2.61%,4.23%,6.28%,7.19%,23.34%,1.03%,1.35%,0.19%,0.10%,0.32%,15.17%
M23,宏逸,10552,48.79%,84,226,1,28,701,1,275,355,564,151,251,301,167,1043,70,61,13,3,16,757,5068,80,53.81%,45.94%,7.87%,1.66%,4.46%,0.02%,0.55%,13.83%,0.02%,5.43%,7.00%,11.13%,2.98%,4.95%,5.94%,3.30%,20.58%,1.38%,1.20%,0.26%,0.06%,0.32%,14.94%
M24,晴景,8791,52.80%,260,164,3,20,389,2,354,339,440,185,219,279,111,1072,88,69,6,8,6,546,4560,82,49.45%,50.42%,-0.96%,5.70%,3.60%,0.07%,0.44%,8.53%,0.04%,7.76%,7.43%,9.65%,4.06%,4.80%,6.12%,2.43%,23.51%,1.93%,1.51%,0.13%,0.18%,0.13%,11.97%
M25,嘉湖北,10560,64.49%,105,380,5,24,531,3,849,417,1228,527,263,382,114,320,211,162,13,9,21,1199,6763,47,55.33%,44.48%,10.85%,1.55%,5.62%,0.07%,0.35%,7.85%,0.04%,12.55%,6.17%,18.16%,7.79%,3.89%,5.65%,1.69%,4.73%,3.12%,2.40%,0.19%,0.13%,0.31%,17.73%
M26*,慈祐,9228,50.75%,168.743139901035,165.620782726046,3.66531713900135,16.6081871345029,474.939721097616,5.1102114260009,299.376068376068,237.457489878543,980.201979307243,183.567701304543,625.645524066577,239.55150697256,129.359424201529,183.069725596041,90.3103913630229,66.2082771030139,8.3306342780027,5.66531713900135,13.8857399910031,670.25461088619,4567.57174988754,115.538911381017,60.59%,39.23%,21.36%,3.69%,3.63%,0.08%,0.36%,10.40%,0.11%,6.55%,5.20%,21.46%,4.02%,13.70%,5.24%,2.83%,4.01%,1.98%,1.45%,0.18%,0.12%,0.30%,14.67%
M27*,耀祐,8874,55.00%,146.931017402336,230.24438581328,5.45827836661663,15.009790393587,511.947919351822,3.73248520321258,383.668875444156,228.677341582132,1034.69689709725,232.12892790894,323.320768068255,279.931639094856,123.573160068133,205.121285639914,117.509833356078,76.5332959306939,12.0401522388512,5.73917724302112,15.1704397842778,860.307186866619,4811.74285685403,68.9105268212306,59.16%,40.59%,18.58%,3.05%,4.79%,0.11%,0.31%,10.64%,0.08%,7.97%,4.75%,21.50%,4.82%,6.72%,5.82%,2.57%,4.26%,2.44%,1.59%,0.25%,0.12%,0.32%,17.88%
M28,天耀,8349,53.31%,154,158,3,18,500,2,209,148,1460,145,238,239,110,116,68,25,11,7,12,775,4398,53,54.71%,45.04%,9.66%,3.50%,3.59%,0.07%,0.41%,11.37%,0.05%,4.75%,3.37%,33.20%,3.30%,5.41%,5.43%,2.50%,2.64%,1.55%,0.57%,0.25%,0.16%,0.27%,17.62%
M29*,嘉湖南,8100,59.81%,113.047963354764,262.541290936603,4.54733685270012,18.280864641319,450.57061671083,2.71428082355922,587.605269464358,292.955357448528,802.700148580271,306.368574930332,251.06052078412,286.391930105649,96.0680251148587,238.55731295661,138.636204287602,109.6642770577,10.8571232942369,4.15248307075023,16.5641736677417,801.847708645729,4795.13146272826,49.8546446740478,56.88%,42.90%,13.98%,2.36%,5.48%,0.09%,0.38%,9.40%,0.06%,12.25%,6.11%,16.74%,6.39%,5.24%,5.97%,2.00%,4.97%,2.89%,2.29%,0.23%,0.09%,0.35%,16.72%
M30,頌栢,7754,57.18%,58,189,7,22,385,2,1045,265,478,268,196,257,73,207,119,120,17,6,19,671,4404,30,50.89%,48.73%,2.16%,1.32%,4.29%,0.16%,0.50%,8.74%,0.05%,23.73%,6.02%,10.85%,6.09%,4.45%,5.84%,1.66%,4.70%,2.70%,2.72%,0.39%,0.14%,0.43%,15.24%
M31*,錦綉花園,8193,62.78%,47.0636285468616,365.312983662941,4,9.01203783319003,306.340498710232,4.00343938091144,861.680997420464,360.77901977644,612.930352536543,646.541702493551,205.21668099742,188.20464316423,37.0567497850387,202.165090283749,165.128976784179,228.202923473775,7.01203783319003,7.0189165950129,16.0137575236457,840.650042992261,5114.33447979364,29.0739466895959,55.23%,44.63%,10.59%,0.92%,7.14%,0.08%,0.18%,5.99%,0.08%,16.85%,7.05%,11.98%,12.64%,4.01%,3.68%,0.72%,3.95%,3.23%,4.46%,0.14%,0.14%,0.31%,16.44%
M32*,新田,9043,49.35%,50.9363714531384,223.687016337059,1,12.98796216681,272.659501289768,3.99656061908856,508.319002579536,743.22098022356,772.069647463457,387.458297506449,188.78331900258,170.79535683577,50.9432502149613,128.834909716251,116.871023215821,183.797076526225,14.98796216681,10.9810834049871,14.9862424763543,538.349957007739,4395.66552020636,66.9260533104041,46.10%,53.56%,-7.46%,1.16%,5.09%,0.02%,0.30%,6.20%,0.09%,11.56%,16.91%,17.56%,8.81%,4.29%,3.89%,1.16%,2.93%,2.66%,4.18%,0.34%,0.25%,0.34%,12.25%
M33*,錦田,5620,52.78%,23.2511635924841,99.7862437510774,1.93759696604034,6.78158938114118,233.480434407861,1.93759696604034,676.221341148078,310.984313049474,221.854852611619,182.134114807792,110.443027064299,119.162213411481,27.1263575245647,116.25581796242,60.0655059472505,95.9110498189967,6.78158938114118,4.84399241510084,11.625581796242,616.155835200828,2926.74021720393,39.7207378038269,50.84%,48.92%,1.92%,0.79%,3.41%,0.07%,0.23%,7.98%,0.07%,23.10%,10.63%,7.58%,6.22%,3.77%,4.07%,0.93%,3.97%,2.05%,3.28%,0.23%,0.17%,0.40%,21.05%
M34*,八鄉北,6198,50.36%,37.7240131011895,88.1072228926047,2.06033442509912,3.21117048784692,211.270298224444,3.06033442509912,248.056714359593,722.683675228409,734.908291673849,124.671435959317,90.4390622306499,83.7105671435959,23.8446819513877,66.6200655059473,50.8703671780728,57.9865540424065,3.21117048784692,2.1508360627478,7.36200655059473,508.18634718152,3070.13514911222,51.236855714532,40.01%,59.89%,-19.88%,1.23%,2.87%,0.07%,0.10%,6.88%,0.10%,8.08%,23.54%,23.94%,4.06%,2.95%,2.73%,0.78%,2.17%,1.66%,1.89%,0.10%,0.07%,0.24%,16.55%
M35*,八鄉南,9552,56.86%,28.0248233063265,172.106533356318,3.00206860886054,10.0072401310119,300.249267367695,4.00206860886054,481.721944492329,1157.33201172212,957.236855714532,278.194449232891,151.117910705051,161.127219444923,35.0289605240476,118.124116531632,97.0641268746768,100.102396138597,12.0072401310119,4.00517152215135,10.0124116531632,1256.65781761765,5337.12463368385,94.0424064816411,46.72%,53.05%,-6.33%,0.53%,3.22%,0.06%,0.19%,5.63%,0.07%,9.03%,21.68%,17.94%,5.21%,2.83%,3.02%,0.66%,2.21%,1.82%,1.88%,0.22%,0.08%,0.19%,23.55%
S01*,葵興,9745,57.26%,700.781682346431,334.073325954621,7.00138350857775,11.0013835085778,428.23381294964,5.00415052573326,513.11068068622,243.060874377421,73.0221361372441,380.070558937465,287.11068068622,256.103763143332,83.0387382401771,496.235196458218,242.033204205866,714.345877144438,11.0069175428888,7.00138350857775,26.0179856115108,642.206142778085,5460.45987825125,119.06779192031,62.02%,37.78%,24.25%,12.83%,6.12%,0.13%,0.20%,7.84%,0.09%,9.40%,4.45%,1.34%,6.96%,5.26%,4.69%,1.52%,9.09%,4.43%,13.08%,0.20%,0.13%,0.48%,11.76%
S02*,葵盛東邨,10985,54.74%,1328.4150269589,269.221343043204,3.84601918633149,6.92283453539668,429.984945031861,7.69203837266298,274.605769904068,211.531055248232,63.0747146558364,180.76290175758,231.530355017156,204.608220712835,65.3823261676353,370.756249562356,94.6120719837547,1603.02079686296,18.4608920943912,6.92283453539668,21.5377074434563,478.444786779637,5871.33288985365,141.533506056999,56.40%,43.29%,13.11%,22.63%,4.59%,0.07%,0.12%,7.32%,0.13%,4.68%,3.60%,1.07%,3.08%,3.94%,3.48%,1.11%,6.31%,1.61%,27.30%,0.31%,0.12%,0.37%,8.15%
S03*,上大窩口,7227,58.07%,233.182138284251,572.5576184379,1.50416133162612,2.30249679897567,295.803777208707,0.20166453265045,249.644686299616,174.217349551857,46.1258002560819,174.636363636364,151.720550576184,156.779769526248,49.3857234314981,1024.55473751601,81.3098591549296,439.626120358515,9.71414852752881,6.50416133162612,27.2432778489117,396.920294494238,4093.93469910372,103.124839948784,52.42%,47.34%,5.08%,5.70%,13.99%,0.04%,0.06%,7.23%,0.00%,6.10%,4.26%,1.13%,4.27%,3.71%,3.83%,1.21%,25.03%,1.99%,10.74%,0.24%,0.16%,0.67%,9.70%
S04*,下大窩口,8427,54.61%,304.817861715749,602.4423815621,4.49583866837388,2.69750320102433,328.196222791293,1.79833546734955,264.355313700384,126.782650448143,27.8741997439181,255.363636363636,238.279449423816,194.220230473752,92.6142765685019,923.445262483995,118.69014084507,460.373879641485,15.2858514724712,4.49583866837388,46.7567221510884,454.079705505762,4467.06530089629,134.875160051216,59.10%,40.56%,18.54%,6.82%,13.49%,0.10%,0.06%,7.35%,0.04%,5.92%,2.84%,0.62%,5.72%,5.33%,4.35%,2.07%,20.67%,2.66%,10.31%,0.34%,0.10%,1.05%,10.17%
S05,葵涌邨北,8717,55.52%,1735,110,3,5,391,2,192,153,60,131,181,141,65,306,45,842,15,2,27,345,4751,89,66.79%,32.90%,33.89%,36.52%,2.32%,0.06%,0.11%,8.23%,0.04%,4.04%,3.22%,1.26%,2.76%,3.81%,2.97%,1.37%,6.44%,0.95%,17.72%,0.32%,0.04%,0.57%,7.26%
S06*,葵涌邨南,9718,54.05%,1560.21831765357,124.926674045379,3.99861649142225,1.99861649142225,381.76618705036,4.99584947426674,292.88931931378,318.939125622579,72.977863862756,146.929441062535,201.88931931378,153.896236856669,62.9612617598229,451.764803541782,55.9667957941339,914.654122855562,15.9930824571112,1.99861649142225,21.9820143884892,366.793857221915,5157.54012174876,94.9322080796901,59.71%,39.98%,19.72%,30.25%,2.42%,0.08%,0.04%,7.40%,0.10%,5.68%,6.18%,1.41%,2.85%,3.91%,2.98%,1.22%,8.76%,1.09%,17.73%,0.31%,0.04%,0.43%,7.11%
S07*,石蔭,11881,55.94%,296.51603656647,1454.80546947629,3.04849705608925,4.09699411217849,519.694607995042,3.12124264022312,398.081577316393,135.849705608925,49.9883792996591,238.849705608925,262.795398202665,223.425859931825,92.449101332507,301.686783390146,105.770142547258,1767.04493337465,11.4607220328478,8.16973969631236,31.581964673071,598.894406569569,6507.33126743105,139.006817477533,58.90%,40.92%,17.98%,4.56%,22.36%,0.05%,0.06%,7.99%,0.05%,6.12%,2.09%,0.77%,3.67%,4.04%,3.43%,1.42%,4.64%,1.63%,27.15%,0.18%,0.13%,0.49%,9.20%
S08,安蔭,9453,54.46%,186,709,4,8,376,4,333,88,48,241,235,247,59,1392,82,451,28,8,36,442,4977,171,52.66%,46.78%,5.89%,3.74%,14.25%,0.08%,0.16%,7.55%,0.08%,6.69%,1.77%,0.96%,4.84%,4.72%,4.96%,1.19%,27.97%,1.65%,9.06%,0.56%,0.16%,0.72%,8.88%
S09*,石籬南,11343,54.78%,153.17629535466,1256.29606649189,7.90956912365782,5.43050425357216,490.757317252471,3.71876118245008,1348.34780648678,216.748778893415,66.4653267707007,227.137412887159,267.099036867308,245.259827549938,67.9413742170871,244.08036616233,103.592703670445,748.24651333751,22.2533154338734,11.6283303061079,26.916497888482,562.355578954035,6075.36138308387,138.124151151665,56.16%,43.47%,12.69%,2.52%,20.68%,0.13%,0.09%,8.08%,0.06%,22.19%,3.57%,1.09%,3.74%,4.40%,4.04%,1.12%,4.02%,1.71%,12.32%,0.37%,0.19%,0.44%,9.26%
S10*,石籬北,9931,52.18%,111.558335915711,1453.33583823985,1.53873566780291,3.07747133560583,466.236907344283,3.84683916950728,351.601100092966,153.873566780291,63.0881623799194,153.873566780291,183.878912302448,203.882475983886,77.7061512240471,243.889603346762,56.1638518748063,1080.19243879764,14.6179888441277,5.3855748373102,18.464828013635,440.847768825535,5087.06011775643,95.4016114037806,62.34%,37.37%,24.97%,2.19%,28.57%,0.03%,0.06%,9.17%,0.08%,6.91%,3.02%,1.24%,3.02%,3.61%,4.01%,1.53%,4.79%,1.10%,21.23%,0.29%,0.11%,0.36%,8.67%
S11*,大白田,9392,56.96%,131.246203904555,706.317787418655,6.058568329718,7.11713665943601,409.746203904555,1.14642082429501,314.382863340564,124.8568329718,35.4013015184382,294.8568329718,230.998915401302,214.760303687636,77.9577006507592,186.283080260304,119.137744034707,1857.11496746204,7.55639913232104,4.20498915401302,12.7028199566161,533.779826464208,5275.62689804772,73.6312364425163,51.86%,48.00%,3.85%,2.49%,13.39%,0.11%,0.13%,7.77%,0.02%,5.96%,2.37%,0.67%,5.59%,4.38%,4.07%,1.48%,3.53%,2.26%,35.20%,0.14%,0.08%,0.24%,10.12%
S12,葵芳,10524,56.93%,1552,238,8,5,492,6,389,382,66,279,213,245,95,259,119,811,17,8,26,500,5710,281,65.97%,33.73%,32.24%,27.18%,4.17%,0.14%,0.09%,8.62%,0.11%,6.81%,6.69%,1.16%,4.89%,3.73%,4.29%,1.66%,4.54%,2.08%,14.20%,0.30%,0.14%,0.46%,8.76%
S13*,華麗,9248,55.36%,131.503128258603,406.244838373306,1.44462982273201,16.2778936392075,346.56496350365,3.1667361835245,642.586652763295,242.671115745568,89.0568300312826,516.282481751825,256.227737226277,248.671532846715,58.9456725755996,472.060166840459,208.335557872784,744.401147028154,18.11157455683,10.6113660062565,21.333889468196,602.122419186653,5036.62033368092,82.8361835245047,55.73%,43.91%,11.82%,2.61%,8.07%,0.03%,0.32%,6.88%,0.06%,12.76%,4.82%,1.77%,10.25%,5.09%,4.94%,1.17%,9.37%,4.14%,14.78%,0.36%,0.21%,0.42%,11.95%
S14,荔華,7844,59.36%,110,385,4,13,360,2,433,137,83,369,219,260,69,192,250,1103,12,7,27,563,4598,58,56.96%,42.78%,14.18%,2.39%,8.37%,0.09%,0.28%,7.83%,0.04%,9.42%,2.98%,1.81%,8.03%,4.76%,5.65%,1.50%,4.18%,5.44%,23.99%,0.26%,0.15%,0.59%,12.24%
S15,祖堯,8459,65.00%,132,319,1,5,349,4,414,353,32,482,252,237,51,166,179,1778,12,10,25,626,5427,71,49.05%,50.73%,-1.68%,2.43%,5.88%,0.02%,0.09%,6.43%,0.07%,7.63%,6.50%,0.59%,8.88%,4.64%,4.37%,0.94%,3.06%,3.30%,32.76%,0.22%,0.18%,0.46%,11.53%
S16*^,興芳,9890,64.29%,648.584973041104,511.778656956796,9.15398081366851,11.0771654646033,489.015054968139,7.30796162733702,514.394230095932,246.468944751768,82.9252853441636,466.23709824242,278.469644982844,278.391779287165,85.6176738323647,291.243750437644,178.387928016245,1391.97920313704,23.5391079056089,8.07716546460332,35.4622925565437,719.555213220363,6277.66711014635,80.4664939430012,58.93%,40.69%,18.24%,10.33%,8.15%,0.15%,0.18%,7.79%,0.12%,8.19%,3.93%,1.32%,7.43%,4.44%,4.43%,1.36%,4.64%,2.84%,22.17%,0.37%,0.13%,0.56%,11.46%
S17,荔景,8224,52.03%,184,294,3,4,310,5,338,194,54,317,260,230,86,307,182,845,15,13,23,517,4181,98,57.79%,41.86%,15.93%,4.40%,7.03%,0.07%,0.10%,7.41%,0.12%,8.08%,4.64%,1.29%,7.58%,6.22%,5.50%,2.06%,7.34%,4.35%,20.21%,0.36%,0.31%,0.55%,12.37%
S18,葵盛西邨,10721,53.75%,1062,181,1,4,444,8,249,145,55,250,233,217,69,1634,106,401,20,4,19,542,5644,119,55.40%,44.24%,11.16%,18.82%,3.21%,0.02%,0.07%,7.87%,0.14%,4.41%,2.57%,0.97%,4.43%,4.13%,3.84%,1.22%,28.95%,1.88%,7.10%,0.35%,0.07%,0.34%,9.60%
S19*,安灝,12245,57.73%,185.376006349926,504.675473409684,8.37419208527044,16.266356729788,612.041387912462,2.96405488150584,659.442227009865,414.578750425218,136.023018482821,638.577729901349,341.93820161016,392.557546207053,166.09490871981,662.278262841592,192.671844880372,941.541784782855,42.9428506633405,10.9281097630117,20.1944664927996,997.930717768455,6947.39789091734,121.70597573421,58.48%,40.90%,17.58%,2.67%,7.26%,0.12%,0.23%,8.81%,0.04%,9.49%,5.97%,1.96%,9.19%,4.92%,5.65%,2.39%,9.53%,2.77%,13.55%,0.62%,0.16%,0.29%,14.36%
S20*,偉盈,10168,69.43%,171.759272880109,507.629400021015,5.85405064621204,6.28107596931806,451.229273930861,0.42702532310602,754.58316696438,218.11873489545,67.1810444467795,885.745192812861,290.580855311548,332.897026373857,104.216139539771,1391.8642429337,284.648418619313,502.407691499422,146.080697698855,17.3486392770831,27.1243038772723,832.272249658506,6998.24850267942,61.6539876011348,55.81%,42.11%,13.70%,2.45%,7.25%,0.08%,0.09%,6.45%,0.01%,10.78%,3.12%,0.96%,12.66%,4.15%,4.76%,1.49%,19.89%,4.07%,7.18%,2.09%,0.25%,0.39%,11.89%
S21,青衣邨,10597,56.70%,202,380,4,9,543,5,544,201,95,508,287,348,106,850,199,570,97,17,23,905,5893,116,59.70%,38.66%,21.04%,3.43%,6.45%,0.07%,0.15%,9.21%,0.08%,9.23%,3.41%,1.61%,8.62%,4.87%,5.91%,1.80%,14.42%,3.38%,9.67%,1.65%,0.29%,0.39%,15.36%
S22*,翠怡,9864,67.98%,202.240727119891,369.370599978985,5.14594935378796,5.71892403068194,537.770726069139,1.57297467689398,712.416833035621,372.88126510455,50.8189555532206,810.254807187139,268.419144688452,310.102973626143,84.7838604602291,707.135757066302,246.351581380687,648.592308500578,428.919302301145,15.6513607229169,21.8756961227278,831.727750341494,6631.75149732059,73.3460123988652,55.77%,37.76%,18.01%,3.05%,5.57%,0.08%,0.09%,8.11%,0.02%,10.74%,5.62%,0.77%,12.22%,4.05%,4.68%,1.28%,10.66%,3.71%,9.78%,6.47%,0.24%,0.33%,12.54%
S23,長青,10648,53.46%,195,535,6,7,522,1,806,255,75,357,288,243,94,598,158,686,80,5,32,632,5575,117,54.91%,43.66%,11.25%,3.50%,9.60%,0.11%,0.13%,9.36%,0.02%,14.46%,4.57%,1.35%,6.40%,5.17%,4.36%,1.69%,10.73%,2.83%,12.30%,1.43%,0.09%,0.57%,11.34%
S24*,長康,9081,54.03%,115.659679767103,274.501892285298,5.68879184861718,8.34439592430859,401.999708879185,4.34439592430859,1407.89490538574,125.842212518195,54.2655021834061,315.501892285298,229.257059679767,235.962445414847,60.2323144104804,265.667831149927,128.020669577875,535.447743813683,46.5103347889374,3.68879184861718,15.0497816593886,564.954002911208,4798.83435225619,107.597379912664,48.86%,50.17%,-1.31%,2.41%,5.72%,0.12%,0.17%,8.38%,0.09%,29.34%,2.62%,1.13%,6.57%,4.78%,4.92%,1.26%,5.54%,2.67%,11.16%,0.97%,0.08%,0.31%,11.77%
S25*,盛康,9871,53.12%,167.340320232897,285.498107714702,3.31120815138282,4.65560407569141,379.000291120815,2.65560407569141,750.105094614265,135.157787481805,48.7344978165939,292.498107714702,270.742940320233,263.037554585153,73.7676855895196,286.332168850073,157.979330422125,1422.55225618632,46.4896652110626,7.31120815138282,33.9502183406114,503.045997088792,5134.16564774382,109.402620087336,47.41%,51.68%,-4.27%,3.26%,5.56%,0.06%,0.09%,7.38%,0.05%,14.61%,2.63%,0.95%,5.70%,5.27%,5.12%,1.44%,5.58%,3.08%,27.71%,0.91%,0.14%,0.66%,9.80%
S26*,青衣南,9830,56.43%,136.11683343143,263.707376888366,6.8356876594075,9.47753580537571,590.57259172062,2.47753580537571,384.410829899941,226.85883853247,60.68550127526,365.590543456935,243.756131057485,240.652148322543,150.296546988425,344.419854816559,121.803609966647,1569.15038257799,26.34275063763,9.95507161075142,22.3876790268786,644.822935059839,5420.32038453993,126.430056896213,51.47%,48.05%,3.42%,2.51%,4.87%,0.13%,0.17%,10.90%,0.05%,7.09%,4.19%,1.12%,6.74%,4.50%,4.44%,2.77%,6.35%,2.25%,28.95%,0.49%,0.18%,0.41%,11.90%
S27*,長亨,8976,59.39%,118.88316656857,418.292623111634,6.16431234059251,3.52246419462429,439.42740827938,3.52246419462429,327.589170100059,316.14116146753,49.31449872474,299.409456543065,234.243868942515,211.347851677457,90.7034530115754,600.580145183441,109.196390033353,1328.84961742201,24.65724936237,7.04492838924858,17.6123209731214,596.177064940161,5202.67961546007,128.569943103787,48.87%,50.66%,-1.79%,2.29%,8.04%,0.12%,0.07%,8.45%,0.07%,6.30%,6.08%,0.95%,5.75%,4.50%,4.06%,1.74%,11.54%,2.10%,25.54%,0.47%,0.14%,0.34%,11.46%
S28*,青發,11900,60.73%,211.623993650074,620.324526590316,6.62580791472956,8.73364327021204,629.958612087538,2.03594511849416,815.557772990135,305.421249574782,107.976981517179,721.422270098651,317.06179838984,377.442453792947,158.905091280191,514.721737158408,240.328155119628,989.458215217145,51.0571493366595,5.07189023698832,28.8055335072004,1010.06928223155,7122.60210908267,104.29402426579,60.67%,38.62%,22.05%,2.97%,8.71%,0.09%,0.12%,8.84%,0.03%,11.45%,4.29%,1.52%,10.13%,4.45%,5.30%,2.23%,7.23%,3.37%,13.89%,0.72%,0.07%,0.40%,14.18%
S29,長安,9843,53.08%,140,358,1,3,409,1,312,201,79,303,203,227,374,312,109,1394,33,2,9,679,5149,76,54.63%,44.73%,9.90%,2.72%,6.95%,0.02%,0.06%,7.94%,0.02%,6.06%,3.90%,1.53%,5.88%,3.94%,4.41%,7.26%,6.06%,2.12%,27.07%,0.64%,0.04%,0.17%,13.19%
T01*,大嶼山,7150,51.28%,118.317513060472,140.167775835512,5.10955308696193,4.32340809916298,190.709236784456,7.35331628034733,368.174770523946,136.796287585718,1068.51733356935,196.685999512607,281.943365560689,125.672943185719,41.0449950169709,292.981023058353,59.8281453643114,85.5555919786525,13.4088103718985,6.26020091997718,19.4129684023138,409.433492743829,3571.69673094125,95.1268061196059,44.50%,55.12%,-10.62%,3.31%,3.92%,0.14%,0.12%,5.34%,0.21%,10.31%,3.83%,29.92%,5.51%,7.89%,3.52%,1.15%,8.20%,1.68%,2.40%,0.38%,0.18%,0.54%,11.46%
T02,逸東邨北,9135,50.88%,68,272,6,10,480,3,273,139,46,202,210,169,79,1533,91,360,8,2,22,597,4570,78,47.96%,51.86%,-3.89%,1.49%,5.95%,0.13%,0.22%,10.50%,0.07%,5.97%,3.04%,1.01%,4.42%,4.60%,3.70%,1.73%,33.54%,1.99%,7.88%,0.18%,0.04%,0.48%,13.06%
T03,逸東邨南,11368,49.52%,113,354,11,2,758,7,283,104,98,274,337,203,104,1067,90,609,23,6,14,1066,5523,106,60.09%,39.49%,20.60%,2.05%,6.41%,0.20%,0.04%,13.72%,0.13%,5.12%,1.88%,1.77%,4.96%,6.10%,3.68%,1.88%,19.32%,1.63%,11.03%,0.42%,0.11%,0.25%,19.30%
T04*,東涌北,7763,62.17%,58.9466223089048,303.57510489086,3.89044691303807,9.72611728259517,214.172727722354,2.91783518477855,1041.66716096594,264.550390086589,119.631242575921,736.83277886131,183.716972862753,177.822310631863,51.0870726677175,228.563756140987,128.700125374442,610.800165346977,12.6407150098597,11.789324461781,15.7190992823746,615.009759422907,4791.75972799395,34.2198715527012,52.12%,47.62%,4.50%,1.23%,6.34%,0.08%,0.20%,4.47%,0.06%,21.74%,5.52%,2.50%,15.38%,3.83%,3.71%,1.07%,4.77%,2.69%,12.75%,0.26%,0.25%,0.33%,12.83%
T05,東涌南,10793,55.65%,106,302,7,5,506,10,657,210,73,615,252,264,111,403,198,1171,13,10,15,1001,5929,77,57.01%,42.77%,14.24%,1.79%,5.09%,0.12%,0.08%,8.53%,0.17%,11.08%,3.54%,1.23%,10.37%,4.25%,4.45%,1.87%,6.80%,3.34%,19.75%,0.22%,0.17%,0.25%,16.88%
T06,愉景灣,4464,55.73%,26,240,2,1,99,0,377,146,50,396,142,104,20,55,108,330,4,4,8,362,2474,14,60.99%,38.84%,22.15%,1.05%,9.70%,0.08%,0.04%,4.00%,0.00%,15.24%,5.90%,2.02%,16.01%,5.74%,4.20%,0.81%,2.22%,4.37%,13.34%,0.16%,0.16%,0.32%,14.63%
T07,坪洲及喜靈洲,3697,57.83%,80,90,6,1,109,4,98,130,761,99,68,46,27,130,38,43,10,1,8,306,2055,83,42.43%,57.08%,-14.65%,3.89%,4.38%,0.29%,0.05%,5.30%,0.19%,4.77%,6.33%,37.03%,4.82%,3.31%,2.24%,1.31%,6.33%,1.85%,2.09%,0.49%,0.05%,0.39%,14.89%
T08,南丫及蒲台,2401,56.52%,12,55,2,2,66,4,71,56,392,79,65,57,7,72,25,23,8,1,2,327,1326,31,52.49%,46.91%,5.58%,0.90%,4.15%,0.15%,0.15%,4.98%,0.30%,5.35%,4.22%,29.56%,5.96%,4.90%,4.30%,0.53%,5.43%,1.89%,1.73%,0.60%,0.08%,0.15%,24.66%
T09,長洲南,6219,47.52%,50,133,5,5,305,274,128,63,14,186,139,103,36,96,58,799,5,5,16,438,2858,97,51.40%,48.43%,2.97%,1.75%,4.65%,0.17%,0.17%,10.67%,9.59%,4.48%,2.20%,0.49%,6.51%,4.86%,3.60%,1.26%,3.36%,2.03%,27.96%,0.17%,0.17%,0.56%,15.33%
T10*,長洲北,5649,45.68%,34.7358646306232,105.257119273628,0,2.95047461824185,232.11803549319,157.728848534874,111.158068510111,34.653322327693,15.8514238547255,183.481221626083,99.339661576558,83.5047461824185,19.8679323153116,65.4552208006603,61.4717292612464,933.644242674371,7.95047461824185,6.95047461824185,14.8679323153116,314.556747833265,2485.5435410648,94.653322327693,46.52%,53.17%,-6.65%,1.40%,4.23%,0.00%,0.12%,9.34%,6.35%,4.47%,1.39%,0.64%,7.38%,4.00%,3.36%,0.80%,2.63%,2.47%,37.56%,0.32%,0.28%,0.60%,12.66%
Misplaced,入錯票箱,-,-,3,7,0,0,1,0,7,4,5,3,1,3,0,5,3,6,2,0,0,6,56,-56,-,-,-,-,-,-,-,-,-,-,-,-,-,-,-,-,-,-,-,-,-,-,-
